id,name,captial,population,squareKms,urlWebsite
EC,Eastern Cape,Bhisho,6676691,168966,https://www.ecprov.gov.za
FS,Free State,Bloemfontein,2932441,129825,https://www.freestateonline.fs.gov.za
GT,Gauteng,Johannesburg,16098571,18176,https://www.gauteng.gov.za
KZN,KwaZulu-Natal,Pietermaritzburg,11538325,94361,https://www.kznonline.gov.za
LIM,Limpopo,Polokwane,5926724,125754,https://www.limpopo.gov.za
MP,Mpumalanga,Mbombela,4743584,76495,https://www.mpumalanga.gov.za
NC,Northern Cape,Mahikeng,1292786,372889,https://www.northern-cape.gov.za
NW,North West,Kimberly,4122854,104882,https://www.NWPG.gov.za
WC,Western Cape,Cape Town,7212142,129462,https://www.westerncape.gov.za