ElectoralEvent,Designation,Party,Allocation
1994 NATIONAL,1994-04-29,NAT,African National Congress,252
1994 NATIONAL,1994-04-29,NAT,National Party South Africa,82
1994 NATIONAL,1994-04-29,NAT,Inkatha Freedom Party,43
1994 NATIONAL,1994-04-29,NAT,Freedom Front,9
1994 NATIONAL,1994-04-29,NAT,Democratic Party,7
1994 NATIONAL,1994-04-29,NAT,Pan Africanist Congress of Azania,5
1994 NATIONAL,1994-04-29,NAT,African Christian Democratic Party,2
1994 PROVINCIAL,1994-04-29,EC,African National Congress,48
1994 PROVINCIAL,1994-04-29,EC,National Party,6
1994 PROVINCIAL,1994-04-29,EC,Democratic Party,1
1994 PROVINCIAL,1994-04-29,EC,Pan Africanist Congress of Azania,1
1994 PROVINCIAL,1994-04-29,FS,African National Congress,24
1994 PROVINCIAL,1994-04-29,FS,National Party,4
1994 PROVINCIAL,1994-04-29,FS,Freedom Front,2
1994 PROVINCIAL,1994-04-29,GT,African National Congress,50
1994 PROVINCIAL,1994-04-29,GT,National Party,21
1994 PROVINCIAL,1994-04-29,GT,Inkatha Freedom Party,3
1994 PROVINCIAL,1994-04-29,GT,Freedom Front,5
1994 PROVINCIAL,1994-04-29,GT,Democratic Party,5
1994 PROVINCIAL,1994-04-29,GT,Pan Africanist Congress of Azania,1
1994 PROVINCIAL,1994-04-29,GT,African Christian Democratic Party,1
1994 PROVINCIAL,1994-04-29,KZN,African National Congress,26
1994 PROVINCIAL,1994-04-29,KZN,National Party,9
1994 PROVINCIAL,1994-04-29,KZN,Inkatha Freedom Party,41
1994 PROVINCIAL,1994-04-29,KZN,Democratic Party,2
1994 PROVINCIAL,1994-04-29,KZN,Pan Africanist Congress of Azania,1
1994 PROVINCIAL,1994-04-29,KZN,African Christian Democratic Party,1
1994 PROVINCIAL,1994-04-29,KZN,Minority Front,1
1994 PROVINCIAL,1994-04-29,LIM,African National Congress,38
1994 PROVINCIAL,1994-04-29,LIM,New National Party / Nuwe Nasionale Party,1
1994 PROVINCIAL,1994-04-29,LIM,Freedom Front,1
1994 PROVINCIAL,1994-04-29,MP,African National Congress,25
1994 PROVINCIAL,1994-04-29,MP,National Party,3
1994 PROVINCIAL,1994-04-29,MP,Freedom Front,2
1994 PROVINCIAL,1994-04-29,NC,African National Congress,15
1994 PROVINCIAL,1994-04-29,NC,National Party,12
1994 PROVINCIAL,1994-04-29,NC,Freedom Front,2
1994 PROVINCIAL,1994-04-29,NC,Democratic Party,1
1994 PROVINCIAL,1994-04-29,NW,African National Congress,26
1994 PROVINCIAL,1994-04-29,NW,National Party,3
1994 PROVINCIAL,1994-04-29,NW,Freedom Front,1
1994 PROVINCIAL,1994-04-29,WC,African National Congress,14
1994 PROVINCIAL,1994-04-29,WC,National Party,23
1994 PROVINCIAL,1994-04-29,WC,Freedom Front,1
1994 PROVINCIAL,1994-04-29,WC,Democratic Party,3
1994 PROVINCIAL,1994-04-29,WC,African Christian Democratic Party,1
1999 NATIONAL,1999-06-02,NAT,African National Congress,127
1999 NATIONAL,1999-06-02,NAT,Democratic Party,18
1999 NATIONAL,1999-06-02,NAT,Inkatha Freedom Party,16
1999 NATIONAL,1999-06-02,NAT,New National Party / Nuwe Nasionale Party,15
1999 NATIONAL,1999-06-02,NAT,United Democratic Movement,9
1999 NATIONAL,1999-06-02,NAT,African Christian Democratic Party,3
1999 NATIONAL,1999-06-02,NAT,Freedom Front,3
1999 NATIONAL,1999-06-02,NAT,United Christian Democratic Party,2
1999 NATIONAL,1999-06-02,NAT,Pan Africanist Congress of Azania,3
1999 NATIONAL,1999-06-02,NAT,Federal Alliance,2
1999 NATIONAL,1999-06-02,NAT,Afrikaner Eenheidsbeweging,1
1999 NATIONAL,1999-06-02,NAT,Azanian People's Organisation,1
1999 NATIONAL,1999-06-02,EC,African National Congress,21
1999 NATIONAL,1999-06-02,EC,Democratic Party,2
1999 NATIONAL,1999-06-02,EC,United Democratic Movement,3
1999 NATIONAL,1999-06-02,EC,Freedom Front,1
1999 NATIONAL,1999-06-02,FS,African National Congress,12
1999 NATIONAL,1999-06-02,FS,Democratic Party,1
1999 NATIONAL,1999-06-02,FS,United Democratic Movement,1
1999 NATIONAL,1999-06-02,GT,African National Congress,32
1999 NATIONAL,1999-06-02,GT,Democratic Party,8
1999 NATIONAL,1999-06-02,GT,Inkatha Freedom Party,2
1999 NATIONAL,1999-06-02,GT,African Christian Democratic Party,1
1999 NATIONAL,1999-06-02,GT,United Democratic Movement,1
1999 NATIONAL,1999-06-02,GT,Freedom Front,2
1999 NATIONAL,1999-06-02,KZN,African National Congress,15
1999 NATIONAL,1999-06-02,KZN,Democratic Party,4
1999 NATIONAL,1999-06-02,KZN,Inkatha Freedom Party,16
1999 NATIONAL,1999-06-02,KZN,New National Party / Nuwe Nasionale Party,1
1999 NATIONAL,1999-06-02,KZN,African Christian Democratic Party,1
1999 NATIONAL,1999-06-02,KZN,Minority Front,1
1999 NATIONAL,1999-06-02,LIM,African National Congress,19
1999 NATIONAL,1999-06-02,LIM,United Democratic Movement,1
1999 NATIONAL,1999-06-02,MP,African National Congress,13
1999 NATIONAL,1999-06-02,MP,Democratic Party,1
1999 NATIONAL,1999-06-02,NC,African National Congress,3
1999 NATIONAL,1999-06-02,NC,New National Party / Nuwe Nasionale Party,1
1999 NATIONAL,1999-06-02,NW,African National Congress,15
1999 NATIONAL,1999-06-02,NW,United Christian Democratic Party,1
1999 NATIONAL,1999-06-02,NW,Democratic Party,1
1999 NATIONAL,1999-06-02,WC,African National Congress,9
1999 NATIONAL,1999-06-02,WC,Democratic Party,3
1999 NATIONAL,1999-06-02,WC,New National Party / Nuwe Nasionale Party,7
1999 NATIONAL,1999-06-02,WC,African Christian Democratic Party,1
1999 PROVINCIAL,1999-06-02,EC,African National Congress,47
1999 PROVINCIAL,1999-06-02,EC,New National Party / Nuwe Nasionale Party,2
1999 PROVINCIAL,1999-06-02,EC,Democratic Party,4
1999 PROVINCIAL,1999-06-02,EC,United Democratic Movement,9
1999 PROVINCIAL,1999-06-02,EC,Pan Africanist Congress of Azania,1
1999 PROVINCIAL,1999-06-02,FS,African National Congress,25
1999 PROVINCIAL,1999-06-02,FS,New National Party / Nuwe Nasionale Party,2
1999 PROVINCIAL,1999-06-02,FS,Democratic Party,2
1999 PROVINCIAL,1999-06-02,FS,Freedom Front,1
1999 PROVINCIAL,1999-06-02,GT,African National Congress,50
1999 PROVINCIAL,1999-06-02,GT,New National Party / Nuwe Nasionale Party,3
1999 PROVINCIAL,1999-06-02,GT,Inkatha Freedom Party,3
1999 PROVINCIAL,1999-06-02,GT,Democratic Party,13
1999 PROVINCIAL,1999-06-02,GT,United Democratic Movement,1
1999 PROVINCIAL,1999-06-02,GT,Freedom Front,1
1999 PROVINCIAL,1999-06-02,GT,African Christian Democratic Party,1
1999 PROVINCIAL,1999-06-02,GT,Federal Alliance,1
1999 PROVINCIAL,1999-06-02,KZN,African National Congress,32
1999 PROVINCIAL,1999-06-02,KZN,New National Party / Nuwe Nasionale Party,3
1999 PROVINCIAL,1999-06-02,KZN,Inkatha Freedom Party,34
1999 PROVINCIAL,1999-06-02,KZN,Democratic Party,7
1999 PROVINCIAL,1999-06-02,KZN,United Democratic Movement,1
1999 PROVINCIAL,1999-06-02,KZN,African Christian Democratic Party,1
1999 PROVINCIAL,1999-06-02,KZN,Minority Front,2
1999 PROVINCIAL,1999-06-02,LIM,African National Congress,44
1999 PROVINCIAL,1999-06-02,LIM,New National Party / Nuwe Nasionale Party,1
1999 PROVINCIAL,1999-06-02,LIM,Democratic Party,1
1999 PROVINCIAL,1999-06-02,LIM,United Democratic Movement,1
1999 PROVINCIAL,1999-06-02,LIM,African Christian Democratic Party,1
1999 PROVINCIAL,1999-06-02,LIM,Pan Africanist Congress of Azania,1
1999 PROVINCIAL,1999-06-02,MP,African National Congress,26
1999 PROVINCIAL,1999-06-02,MP,New National Party / Nuwe Nasionale Party,1
1999 PROVINCIAL,1999-06-02,MP,Democratic Party,1
1999 PROVINCIAL,1999-06-02,MP,United Democratic Movement,1
1999 PROVINCIAL,1999-06-02,MP,Freedom Front,1
1999 PROVINCIAL,1999-06-02,NC,African National Congress,20
1999 PROVINCIAL,1999-06-02,NC,New National Party / Nuwe Nasionale Party,8
1999 PROVINCIAL,1999-06-02,NC,Democratic Party,1
1999 PROVINCIAL,1999-06-02,NC,Freedom Front,1
1999 PROVINCIAL,1999-06-02,NW,African National Congress,27
1999 PROVINCIAL,1999-06-02,NW,New National Party / Nuwe Nasionale Party,1
1999 PROVINCIAL,1999-06-02,NW,Democratic Party,1
1999 PROVINCIAL,1999-06-02,NW,Freedom Front,1
1999 PROVINCIAL,1999-06-02,NW,United Christian Democratic Party,3
1999 PROVINCIAL,1999-06-02,WC,African National Congress,18
1999 PROVINCIAL,1999-06-02,WC,New National Party / Nuwe Nasionale Party,17
1999 PROVINCIAL,1999-06-02,WC,Democratic Party,5
1999 PROVINCIAL,1999-06-02,WC,United Democratic Movement,1
1999 PROVINCIAL,1999-06-02,WC,African Christian Democratic Party,1
2000 MUNICIPAL,2000-12-05,,,
2004 NATIONAL,2004-04-14,NAT,African National Congress,126
2004 NATIONAL,2004-04-14,NAT,Democratic Alliance,32
2004 NATIONAL,2004-04-14,NAT,Congress of the People,17
2004 NATIONAL,2004-04-14,NAT,Inkatha Freedom Party,9
2004 NATIONAL,2004-04-14,NAT,Independent Democrats,3
2004 NATIONAL,2004-04-14,NAT,United Democratic Movement,2
2004 NATIONAL,2004-04-14,NAT,Vryheidsfront Plus,3
2004 NATIONAL,2004-04-14,NAT,African Christian Democratic Party,3
2004 NATIONAL,2004-04-14,NAT,United Christian Democratic Party,1
2004 NATIONAL,2004-04-14,NAT,Pan Africanist Congress of Azania,1
2004 NATIONAL,2004-04-14,NAT,Minority Front,1
2004 NATIONAL,2004-04-14,NAT,Azanian People's Organisation,1
2004 NATIONAL,2004-04-14,NAT,African People's Convention,1
2004 NATIONAL,2004-04-14,EC,African National Congress,23
2004 NATIONAL,2004-04-14,EC,Democratic Alliance,2
2004 NATIONAL,2004-04-14,EC,United Democratic Movement,3
2004 NATIONAL,2004-04-14,FS,African National Congress,12
2004 NATIONAL,2004-04-14,FS,Democratic Alliance,1
2004 NATIONAL,2004-04-14,GT,African National Congress,32
2004 NATIONAL,2004-04-14,GT,Democratic Alliance,9
2004 NATIONAL,2004-04-14,GT,Independent Democrats,1
2004 NATIONAL,2004-04-14,GT,Inkatha Freedom Party,1
2004 NATIONAL,2004-04-14,GT,African Christian Democratic Party,1
2004 NATIONAL,2004-04-14,GT,Vryheidsfront Plus,1
2004 NATIONAL,2004-04-14,KZN,African National Congress,18
2004 NATIONAL,2004-04-14,KZN,Democratic Alliance,4
2004 NATIONAL,2004-04-14,KZN,Inkatha Freedom Party,13
2004 NATIONAL,2004-04-14,KZN,African Christian Democratic Party,1
2004 NATIONAL,2004-04-14,KZN,Minority Front,1
2004 NATIONAL,2004-04-14,LIM,African National Congress,20
2004 NATIONAL,2004-04-14,LIM,Democratic Alliance,1
2004 NATIONAL,2004-04-14,MP,African National Congress,13
2004 NATIONAL,2004-04-14,MP,Democratic Alliance,1
2004 NATIONAL,2004-04-14,NC,African National Congress,3
2004 NATIONAL,2004-04-14,NC,Democratic Alliance,1
2004 NATIONAL,2004-04-14,NW,African National Congress,15
2004 NATIONAL,2004-04-14,NW,Democratic Alliance,1
2004 NATIONAL,2004-04-14,NW,African Christian Democratic Party,1
2004 NATIONAL,2004-04-14,WC,African National Congress,10
2004 NATIONAL,2004-04-14,WC,Democratic Alliance,6
2004 NATIONAL,2004-04-14,WC,Independent Democrats,2
2004 NATIONAL,2004-04-14,WC,New National Party / Nuwe Nasionale Party,2
2004 NATIONAL,2004-04-14,WC,African Christian Democratic Party,1
2004 PROVINCIAL,2004-04-14,EC,African National Congress,51
2004 PROVINCIAL,2004-04-14,EC,Democratic Alliance,5
2004 PROVINCIAL,2004-04-14,EC,United Democratic Movement,6
2004 PROVINCIAL,2004-04-14,EC,Pan Africanist Congress of Azania,1
2004 PROVINCIAL,2004-04-14,FS,African National Congress,25
2004 PROVINCIAL,2004-04-14,FS,Democratic Alliance,3
2004 PROVINCIAL,2004-04-14,FS,African Christian Democratic Party,1
2004 PROVINCIAL,2004-04-14,FS,Vryheidsfront Plus,1
2004 PROVINCIAL,2004-04-14,GT,African National Congress,51
2004 PROVINCIAL,2004-04-14,GT,Democratic Alliance,15
2004 PROVINCIAL,2004-04-14,GT,Inkatha Freedom Party,2
2004 PROVINCIAL,2004-04-14,GT,United Democratic Movement,1
2004 PROVINCIAL,2004-04-14,GT,African Christian Democratic Party,1
2004 PROVINCIAL,2004-04-14,GT,Independent Democrats,1
2004 PROVINCIAL,2004-04-14,GT,Vryheidsfront Plus,1
2004 PROVINCIAL,2004-04-14,GT,Pan Africanist Congress of Azania,1
2004 PROVINCIAL,2004-04-14,KZN,African National Congress,38
2004 PROVINCIAL,2004-04-14,KZN,Democratic Alliance,7
2004 PROVINCIAL,2004-04-14,KZN,Inkatha Freedom Party,30
2004 PROVINCIAL,2004-04-14,KZN,United Democratic Movement,1
2004 PROVINCIAL,2004-04-14,KZN,African Christian Democratic Party,2
2004 PROVINCIAL,2004-04-14,KZN,Minority Front,2
2004 PROVINCIAL,2004-04-14,LIM,African National Congress,45
2004 PROVINCIAL,2004-04-14,LIM,Democratic Alliance,2
2004 PROVINCIAL,2004-04-14,LIM,United Democratic Movement,1
2004 PROVINCIAL,2004-04-14,LIM,African Christian Democratic Party,1
2004 PROVINCIAL,2004-04-14,MP,African National Congress,27
2004 PROVINCIAL,2004-04-14,MP,Democratic Alliance,2
2004 PROVINCIAL,2004-04-14,MP,Vryheidsfront Plus,1
2004 PROVINCIAL,2004-04-14,NC,African National Congress,21
2004 PROVINCIAL,2004-04-14,NC,Democratic Alliance,3
2004 PROVINCIAL,2004-04-14,NC,African Christian Democratic Party,1
2004 PROVINCIAL,2004-04-14,NC,New National Party / Nuwe Nasionale Party,2
2004 PROVINCIAL,2004-04-14,NC,Independent Democrats,2
2004 PROVINCIAL,2004-04-14,NC,Vryheidsfront Plus,1
2004 PROVINCIAL,2004-04-14,NW,African National Congress,27
2004 PROVINCIAL,2004-04-14,NW,Democratic Alliance,2
2004 PROVINCIAL,2004-04-14,NW,Vryheidsfront Plus,1
2004 PROVINCIAL,2004-04-14,NW,United Christian Democratic Party,3
2004 PROVINCIAL,2004-04-14,WC,African National Congress,19
2004 PROVINCIAL,2004-04-14,WC,Democratic Alliance,12
2004 PROVINCIAL,2004-04-14,WC,United Democratic Movement,1
2004 PROVINCIAL,2004-04-14,WC,African Christian Democratic Party,2
2004 PROVINCIAL,2004-04-14,WC,New National Party / Nuwe Nasionale Party,5
2004 PROVINCIAL,2004-04-14,WC,Independent Democrats,3
2006 MUNICIPAL,2006-03-01,,,
2009 NATIONAL,2009-04-22,NAT,African National Congress,126
2009 NATIONAL,2009-04-22,NAT,Democratic Alliance,32
2009 NATIONAL,2009-04-22,NAT,Congress of the People,17
2009 NATIONAL,2009-04-22,NAT,Inkatha Freedom Party,9
2009 NATIONAL,2009-04-22,NAT,Independent Democrats,3
2009 NATIONAL,2009-04-22,NAT,United Democratic Movement,2
2009 NATIONAL,2009-04-22,NAT,Vryheidsfront Plus,3
2009 NATIONAL,2009-04-22,NAT,African Christian Democratic Party,3
2009 NATIONAL,2009-04-22,NAT,United Christian Democratic Party,1
2009 NATIONAL,2009-04-22,NAT,Pan Africanist Congress of Azania,1
2009 NATIONAL,2009-04-22,NAT,Minority Front,1
2009 NATIONAL,2009-04-22,NAT,Azanian People's Organisation,1
2009 NATIONAL,2009-04-22,NAT,African People's Convention,1
2009 NATIONAL,2009-04-22,EC,African National Congress,19
2009 NATIONAL,2009-04-22,EC,Democratic Alliance,3
2009 NATIONAL,2009-04-22,EC,Congress of the People,3
2009 NATIONAL,2009-04-22,EC,United Democratic Movement,1
2009 NATIONAL,2009-04-22,FS,African National Congress,9
2009 NATIONAL,2009-04-22,FS,Democratic Alliance,2
2009 NATIONAL,2009-04-22,FS,Congress of the People,1
2009 NATIONAL,2009-04-22,GT,African National Congress,31
2009 NATIONAL,2009-04-22,GT,Democratic Alliance,10
2009 NATIONAL,2009-04-22,GT,Congress of the People,4
2009 NATIONAL,2009-04-22,GT,Inkatha Freedom Party,1
2009 NATIONAL,2009-04-22,GT,Vryheidsfront Plus,1
2009 NATIONAL,2009-04-22,KZN,African National Congress,26
2009 NATIONAL,2009-04-22,KZN,Democratic Alliance,4
2009 NATIONAL,2009-04-22,KZN,Congress of the People,1
2009 NATIONAL,2009-04-22,KZN,Inkatha Freedom Party,8
2009 NATIONAL,2009-04-22,LIM,African National Congress,17
2009 NATIONAL,2009-04-22,LIM,Democratic Alliance,1
2009 NATIONAL,2009-04-22,LIM,Congress of the People,1
2009 NATIONAL,2009-04-22,MP,African National Congress,14
2009 NATIONAL,2009-04-22,MP,Democratic Alliance,1
2009 NATIONAL,2009-04-22,NC,African National Congress,3
2009 NATIONAL,2009-04-22,NC,Democratic Alliance,1
2009 NATIONAL,2009-04-22,NC,Congress of the People,1
2009 NATIONAL,2009-04-22,NW,African National Congress,11
2009 NATIONAL,2009-04-22,NW,Democratic Alliance,1
2009 NATIONAL,2009-04-22,NW,Congress of the People,1
2009 NATIONAL,2009-04-22,NW,United Christian Democratic Party,1
2009 NATIONAL,2009-04-22,WC,African National Congress,8
2009 NATIONAL,2009-04-22,WC,Democratic Alliance,12
2009 NATIONAL,2009-04-22,WC,Congress of the People,2
2009 NATIONAL,2009-04-22,WC,Independent Democrats,1
2009 PROVINCIAL,2009-04-22,EC,African National Congress,44
2009 PROVINCIAL,2009-04-22,EC,Democratic Alliance,6
2009 PROVINCIAL,2009-04-22,EC,Congress of the People,9
2009 PROVINCIAL,2009-04-22,EC,United Democratic Movement,3
2009 PROVINCIAL,2009-04-22,EC,African Independent Congress,1
2009 PROVINCIAL,2009-04-22,FS,African National Congress,22
2009 PROVINCIAL,2009-04-22,FS,Democratic Alliance,3
2009 PROVINCIAL,2009-04-22,FS,Congress of the People,4
2009 PROVINCIAL,2009-04-22,FS,Vryheidsfront Plus,1
2009 PROVINCIAL,2009-04-22,GT,African National Congress,47
2009 PROVINCIAL,2009-04-22,GT,Democratic Alliance,16
2009 PROVINCIAL,2009-04-22,GT,Congress of the People,6
2009 PROVINCIAL,2009-04-22,GT,Inkatha Freedom Party,1
2009 PROVINCIAL,2009-04-22,GT,Independent Democrats,1
2009 PROVINCIAL,2009-04-22,GT,African Christian Democratic Party,1
2009 PROVINCIAL,2009-04-22,GT,Vryheidsfront Plus,1
2009 PROVINCIAL,2009-04-22,KZN,African National Congress,51
2009 PROVINCIAL,2009-04-22,KZN,Democratic Alliance,7
2009 PROVINCIAL,2009-04-22,KZN,Congress of the People,1
2009 PROVINCIAL,2009-04-22,KZN,Inkatha Freedom Party,18
2009 PROVINCIAL,2009-04-22,KZN,African Christian Democratic Party,1
2009 PROVINCIAL,2009-04-22,KZN,Minority Front,2
2009 PROVINCIAL,2009-04-22,LIM,African National Congress,43
2009 PROVINCIAL,2009-04-22,LIM,Democratic Alliance,2
2009 PROVINCIAL,2009-04-22,LIM,Congress of the People,4
2009 PROVINCIAL,2009-04-22,MP,African National Congress,27
2009 PROVINCIAL,2009-04-22,MP,Democratic Alliance,2
2009 PROVINCIAL,2009-04-22,MP,Congress of the People,1
2009 PROVINCIAL,2009-04-22,NC,African National Congress,19
2009 PROVINCIAL,2009-04-22,NC,Democratic Alliance,4
2009 PROVINCIAL,2009-04-22,NC,Congress of the People,5
2009 PROVINCIAL,2009-04-22,NC,Independent Democrats,2
2009 PROVINCIAL,2009-04-22,NW,African National Congress,25
2009 PROVINCIAL,2009-04-22,NW,Democratic Alliance,3
2009 PROVINCIAL,2009-04-22,NW,Congress of the People,3
2009 PROVINCIAL,2009-04-22,NW,United Christian Democratic Party,2
2009 PROVINCIAL,2009-04-22,WC,African National Congress,14
2009 PROVINCIAL,2009-04-22,WC,Democratic Alliance,22
2009 PROVINCIAL,2009-04-22,WC,Congress of the People,3
2009 PROVINCIAL,2009-04-22,WC,Independent Democrats,2
2009 PROVINCIAL,2009-04-22,WC,African Christian Democratic Party,1
2011 MUNICIPAL,2011-05-18,,,
2014 NATIONAL,2014-05-07,NAT,African National Congress,133
2014 NATIONAL,2014-05-07,NAT,Democratic Alliance,24
2014 NATIONAL,2014-05-07,NAT,Inkatha Freedom Party,14
2014 NATIONAL,2014-05-07,NAT,United Democratic Movement,6
2014 NATIONAL,2014-05-07,NAT,Independent Democrats,4
2014 NATIONAL,2014-05-07,NAT,New National Party / Nuwe Nasionale Party,5
2014 NATIONAL,2014-05-07,NAT,African Christian Democratic Party,4
2014 NATIONAL,2014-05-07,NAT,Vryheidsfront Plus,3
2014 NATIONAL,2014-05-07,NAT,United Christian Democratic Party,2
2014 NATIONAL,2014-05-07,NAT,Pan Africanist Congress of Azania,3
2014 NATIONAL,2014-05-07,NAT,Minority Front,1
2014 NATIONAL,2014-05-07,NAT,Azanian People's Organisation,1
2014 NATIONAL,2014-05-07,EC,African National Congress,19
2014 NATIONAL,2014-05-07,EC,Democratic Alliance,4
2014 NATIONAL,2014-05-07,EC,Economic Freedom Fighters,1
2014 NATIONAL,2014-05-07,EC,United Democratic Movement,2
2014 NATIONAL,2014-05-07,FS,African National Congress,8
2014 NATIONAL,2014-05-07,FS,Democratic Alliance,2
2014 NATIONAL,2014-05-07,FS,Economic Freedom Fighters,1
2014 NATIONAL,2014-05-07,GT,African National Congress,27
2014 NATIONAL,2014-05-07,GT,Democratic Alliance,14
2014 NATIONAL,2014-05-07,GT,Economic Freedom Fighters,5
2014 NATIONAL,2014-05-07,GT,Inkatha Freedom Party,1
2014 NATIONAL,2014-05-07,GT,Vryheidsfront Plus,1
2014 NATIONAL,2014-05-07,KZN,African National Congress,27
2014 NATIONAL,2014-05-07,KZN,Democratic Alliance,5
2014 NATIONAL,2014-05-07,KZN,Economic Freedom Fighters,1
2014 NATIONAL,2014-05-07,KZN,Inkatha Freedom Party,4
2014 NATIONAL,2014-05-07,KZN,National Freedom Party,3
2014 NATIONAL,2014-05-07,LIM,African National Congress,16
2014 NATIONAL,2014-05-07,LIM,Democratic Alliance,1
2014 NATIONAL,2014-05-07,LIM,Economic Freedom Fighters,2
2014 NATIONAL,2014-05-07,MP,African National Congress,13
2014 NATIONAL,2014-05-07,MP,Democratic Alliance,1
2014 NATIONAL,2014-05-07,MP,Economic Freedom Fighters,1
2014 NATIONAL,2014-05-07,NC,African National Congress,4
2014 NATIONAL,2014-05-07,NC,Democratic Alliance,1
2014 NATIONAL,2014-05-07,NW,African National Congress,9
2014 NATIONAL,2014-05-07,NW,Democratic Alliance,2
2014 NATIONAL,2014-05-07,NW,Economic Freedom Fighters,2
2014 NATIONAL,2014-05-07,WC,African National Congress,8
2014 NATIONAL,2014-05-07,WC,Democratic Alliance,14
2014 NATIONAL,2014-05-07,WC,Economic Freedom Fighters,1
2014 PROVINCIAL,2014-05-07,EC,African National Congress,45
2014 PROVINCIAL,2014-05-07,EC,Democratic Alliance,10
2014 PROVINCIAL,2014-05-07,EC,United Democratic Movement,4
2014 PROVINCIAL,2014-05-07,EC,Economic Freedom Fighters,2
2014 PROVINCIAL,2014-05-07,EC,Congress of the People,1
2014 PROVINCIAL,2014-05-07,EC,African Independent Congress,1
2014 PROVINCIAL,2014-05-07,FS,African National Congress,22
2014 PROVINCIAL,2014-05-07,FS,Democratic Alliance,5
2014 PROVINCIAL,2014-05-07,FS,Economic Freedom Fighters,2
2014 PROVINCIAL,2014-05-07,FS,Vryheidsfront Plus,1
2014 PROVINCIAL,2014-05-07,GT,African National Congress,40
2014 PROVINCIAL,2014-05-07,GT,Democratic Alliance,23
2014 PROVINCIAL,2014-05-07,GT,Economic Freedom Fighters,8
2014 PROVINCIAL,2014-05-07,GT,Vryheidsfront Plus,1
2014 PROVINCIAL,2014-05-07,GT,Inkatha Freedom Party,1
2014 PROVINCIAL,2014-05-07,KZN,African National Congress,52
2014 PROVINCIAL,2014-05-07,KZN,Democratic Alliance,10
2014 PROVINCIAL,2014-05-07,KZN,Inkatha Freedom Party,9
2014 PROVINCIAL,2014-05-07,KZN,National Freedom Party,6
2014 PROVINCIAL,2014-05-07,KZN,Economic Freedom Fighters,2
2014 PROVINCIAL,2014-05-07,KZN,Minority Front,1
2014 PROVINCIAL,2014-05-07,LIM,African National Congress,39
2014 PROVINCIAL,2014-05-07,LIM,Economic Freedom Fighters,6
2014 PROVINCIAL,2014-05-07,LIM,Democratic Alliance,3
2014 PROVINCIAL,2014-05-07,LIM,Congress of the People,1
2014 PROVINCIAL,2014-05-07,MP,African National Congress,24
2014 PROVINCIAL,2014-05-07,MP,Democratic Alliance,3
2014 PROVINCIAL,2014-05-07,MP,Economic Freedom Fighters,2
2014 PROVINCIAL,2014-05-07,MP,Better Residents Association,1
2014 PROVINCIAL,2014-05-07,NC,African National Congress,20
2014 PROVINCIAL,2014-05-07,NC,Democratic Alliance,7
2014 PROVINCIAL,2014-05-07,NC,Economic Freedom Fighters,2
2014 PROVINCIAL,2014-05-07,NC,Congress of the People,1
2014 PROVINCIAL,2014-05-07,NW,African National Congress,23
2014 PROVINCIAL,2014-05-07,NW,Economic Freedom Fighters,5
2014 PROVINCIAL,2014-05-07,NW,Democratic Alliance,4
2014 PROVINCIAL,2014-05-07,NW,Vryheidsfront Plus,1
2014 PROVINCIAL,2014-05-07,WC,Democratic Alliance,26
2014 PROVINCIAL,2014-05-07,WC,African National Congress,14
2014 PROVINCIAL,2014-05-07,WC,Economic Freedom Fighters,1
2014 PROVINCIAL,2014-05-07,WC,African Christian Democratic Party,1
2016 MUNICIPAL,2016-08-03,,,
2019 NATIONAL,2019-05-08,NAT,African National Congress,105
2019 NATIONAL,2019-05-08,NAT,Democratic Alliance,45
2019 NATIONAL,2019-05-08,NAT,Economic Freedom Fighters,23
2019 NATIONAL,2019-05-08,NAT,Inkatha Freedom Party,7
2019 NATIONAL,2019-05-08,NAT,Vryheidsfront Plus,4
2019 NATIONAL,2019-05-08,NAT,African Christian Democratic Party,3
2019 NATIONAL,2019-05-08,NAT,United Democratic Movement,2
2019 NATIONAL,2019-05-08,NAT,African Transformation Movement,2
2019 NATIONAL,2019-05-08,NAT,Good,2
2019 NATIONAL,2019-05-08,NAT,National Freedom Party,1
2019 NATIONAL,2019-05-08,NAT,African Independent Congress,2
2019 NATIONAL,2019-05-08,NAT,Congress of the People,2
2019 NATIONAL,2019-05-08,NAT,Pan Africanist Congress of Azania,1
2019 NATIONAL,2019-05-08,NAT,Al Jama-Ah,1
2019 NATIONAL,2019-05-08,EC,African National Congress,18
2019 NATIONAL,2019-05-08,EC,Democratic Alliance,4
2019 NATIONAL,2019-05-08,EC,Economic Freedom Fighters,2
2019 NATIONAL,2019-05-08,EC,United Democratic Movement,1
2019 NATIONAL,2019-05-08,FS,African National Congress,8
2019 NATIONAL,2019-05-08,FS,Democratic Alliance,2
2019 NATIONAL,2019-05-08,FS,Economic Freedom Fighters,1
2019 NATIONAL,2019-05-08,GT,African National Congress,26
2019 NATIONAL,2019-05-08,GT,Democratic Alliance,12
2019 NATIONAL,2019-05-08,GT,Economic Freedom Fighters,7
2019 NATIONAL,2019-05-08,GT,Inkatha Freedom Party,1
2019 NATIONAL,2019-05-08,GT,Vryheidsfront Plus,2
2019 NATIONAL,2019-05-08,KZN,African National Congress,24
2019 NATIONAL,2019-05-08,KZN,Democratic Alliance,6
2019 NATIONAL,2019-05-08,KZN,Economic Freedom Fighters,4
2019 NATIONAL,2019-05-08,KZN,Inkatha Freedom Party,6
2019 NATIONAL,2019-05-08,KZN,National Freedom Party,1
2019 NATIONAL,2019-05-08,LIM,African National Congress,15
2019 NATIONAL,2019-05-08,LIM,Democratic Alliance,1
2019 NATIONAL,2019-05-08,LIM,Economic Freedom Fighters,3
2019 NATIONAL,2019-05-08,MP,African National Congress,12
2019 NATIONAL,2019-05-08,MP,Democratic Alliance,1
2019 NATIONAL,2019-05-08,MP,Economic Freedom Fighters,2
2019 NATIONAL,2019-05-08,NC,African National Congress,3
2019 NATIONAL,2019-05-08,NC,Democratic Alliance,1
2019 NATIONAL,2019-05-08,NC,Economic Freedom Fighters,1
2019 NATIONAL,2019-05-08,NW,African National Congress,9
2019 NATIONAL,2019-05-08,NW,Democratic Alliance,2
2019 NATIONAL,2019-05-08,NW,Economic Freedom Fighters,2
2019 NATIONAL,2019-05-08,WC,African National Congress,7
2019 NATIONAL,2019-05-08,WC,Democratic Alliance,13
2019 NATIONAL,2019-05-08,WC,Economic Freedom Fighters,1
2019 NATIONAL,2019-05-08,WC,Vryheidsfront Plus,1
2019 NATIONAL,2019-05-08,WC,African Christian Democratic Party,1
2019 PROVINCIAL,2019-05-08,EC,African National Congress,44
2019 PROVINCIAL,2019-05-08,EC,Democratic Alliance,10
2019 PROVINCIAL,2019-05-08,EC,Economic Freedom Fighters,5
2019 PROVINCIAL,2019-05-08,EC,United Democratic Movement,2
2019 PROVINCIAL,2019-05-08,EC,African Transformation Movement,1
2019 PROVINCIAL,2019-05-08,EC,Vryheidsfront Plus,1
2019 PROVINCIAL,2019-05-08,FS,African National Congress,19
2019 PROVINCIAL,2019-05-08,FS,Democratic Alliance,6
2019 PROVINCIAL,2019-05-08,FS,Economic Freedom Fighters,4
2019 PROVINCIAL,2019-05-08,FS,Vryheidsfront Plus,1
2019 PROVINCIAL,2019-05-08,GT,African National Congress,37
2019 PROVINCIAL,2019-05-08,GT,Democratic Alliance,20
2019 PROVINCIAL,2019-05-08,GT,Economic Freedom Fighters,11
2019 PROVINCIAL,2019-05-08,GT,Vryheidsfront Plus,3
2019 PROVINCIAL,2019-05-08,GT,Inkatha Freedom Party,1
2019 PROVINCIAL,2019-05-08,GT,African Christian Democratic Party,1
2019 PROVINCIAL,2019-05-08,KZN,African National Congress,44
2019 PROVINCIAL,2019-05-08,KZN,Inkatha Freedom Party,13
2019 PROVINCIAL,2019-05-08,KZN,Democratic Alliance,11
2019 PROVINCIAL,2019-05-08,KZN,Economic Freedom Fighters,8
2019 PROVINCIAL,2019-05-08,KZN,National Freedom Party,1
2019 PROVINCIAL,2019-05-08,KZN,Minority Front,1
2019 PROVINCIAL,2019-05-08,KZN,African Transformation Movement,1
2019 PROVINCIAL,2019-05-08,KZN,African Christian Democratic Party,1
2019 PROVINCIAL,2019-05-08,LIM,African National Congress,38
2019 PROVINCIAL,2019-05-08,LIM,Economic Freedom Fighters,7
2019 PROVINCIAL,2019-05-08,LIM,Democratic Alliance,3
2019 PROVINCIAL,2019-05-08,LIM,Vryheidsfront Plus,1
2019 PROVINCIAL,2019-05-08,MP,African National Congress,22
2019 PROVINCIAL,2019-05-08,MP,Economic Freedom Fighters,4
2019 PROVINCIAL,2019-05-08,MP,Democratic Alliance,3
2019 PROVINCIAL,2019-05-08,MP,Vryheidsfront Plus,1
2019 PROVINCIAL,2019-05-08,NC,African National Congress,18
2019 PROVINCIAL,2019-05-08,NC,Democratic Alliance,8
2019 PROVINCIAL,2019-05-08,NC,Economic Freedom Fighters,3
2019 PROVINCIAL,2019-05-08,NC,Vryheidsfront Plus,1
2019 PROVINCIAL,2019-05-08,NW,African National Congress,21
2019 PROVINCIAL,2019-05-08,NW,Economic Freedom Fighters,6
2019 PROVINCIAL,2019-05-08,NW,Democratic Alliance,4
2019 PROVINCIAL,2019-05-08,NW,Vryheidsfront Plus,2
2019 PROVINCIAL,2019-05-08,WC,Democratic Alliance,24
2019 PROVINCIAL,2019-05-08,WC,African National Congress,12
2019 PROVINCIAL,2019-05-08,WC,Economic Freedom Fighters,2
2019 PROVINCIAL,2019-05-08,WC,Good,1
2019 PROVINCIAL,2019-05-08,WC,African Christian Democratic Party,1
2019 PROVINCIAL,2019-05-08,WC,Vryheidsfront Plus,1
2019 PROVINCIAL,2019-05-08,WC,Al Jama-Ah,1
2021 MUNICIPAL,2021-11-01,,,