name,abbr,color,headquarters,urlLogo,urlWebsite
#Hope4SA,#Hope4SA,{placeholder},{placeholder},https://www.elections.org.za/content/img_parties/HOPE4SA.jpg,{placeholder}
A Party,{placeholder},#507eb9,{placeholder},https://www.elections.org.za/content/img_parties/NO_ABBR504.jpg,{placeholder}
Abahlali Base Mkhanyakude Movement,ABMM,{placeholder},{placeholder},https://www.elections.org.za/content/img_parties/ABMMKZN271.jpg,{placeholder}
Abahlali Bemzansi Organisation,ABO,#c9515d,{placeholder},https://www.elections.org.za/content/img_parties/ABO.jpg,{placeholder}
Abahlaly Baahi,AB,{placeholder},{placeholder},https://www.elections.org.za/content/img_parties/ABJHB.jpg,{placeholder}
Abantu Batho Congress,ABC,#5ab87a,{placeholder},https://www.elections.org.za/content/img_parties/ABC.jpg,{placeholder}
Abantu Democratic Revolution,ADR,#f9ef36,{placeholder},https://www.elections.org.za/content/img_parties/ADR.jpg,{placeholder}
Abantu Integrity Movement,AIM,{placeholder},{placeholder},https://www.elections.org.za/content/img_parties/AIMNMA.jpg,{placeholder}
Abbotsdale Community Development Forum/Abbotsdale Gemeenskap,{placeholder},{placeholder},{placeholder},{placeholder},{placeholder}
Able Leadership,AL,#bcba8e,{placeholder},https://www.elections.org.za/content/img_parties/AL.jpg,{placeholder}
Abolition Of Income Tax And Usury Party,AITUP,#9cfe02,{placeholder},https://www.elections.org.za/content/img_parties/AITUP.jpg,{placeholder}
Aborgeniese Restorasie Koalisie,ARK,#9e562e,{placeholder},https://www.elections.org.za/content/img_parties/ARK.jpg,{placeholder}
Aboriginal Khoisan,A.K.S.,#1c7cb6,{placeholder},https://www.elections.org.za/content/img_parties/A.K.S..jpg,{placeholder}
Aboriginal Kingdom Alliance,AKA,#d3af37,{placeholder},https://www.elections.org.za/content/img_parties/AKA.jpg,{placeholder}
Above Massive Constituency,ABMC,{placeholder},{placeholder},https://www.elections.org.za/content/img_parties/ABMCD44.jpg,{placeholder}
Academic Congress Union,ACU,#f9fea8,{placeholder},https://www.elections.org.za/content/img_parties/ACU.jpg,{placeholder}
Action Alliance Development Party,AADP,#3a3839,{placeholder},https://www.elections.org.za/content/img_parties/AADP.jpg,{placeholder}
Action Independent People's Party,{placeholder},{placeholder},{placeholder},{placeholder},{placeholder}
Action Lekwa Community,ALC,#2475ac,{placeholder},https://www.elections.org.za/content/img_parties/ALC%20MP305.jpg,{placeholder}
Action SA,ACTIONSA,#56ba48,{placeholder},https://www.elections.org.za/content/img_parties/ACTIONSA.jpg,{placeholder}
Active African Christians United Movement,AACUM,#571f68,{placeholder},https://www.elections.org.za/content/img_parties/AACUM.jpg,{placeholder}
Active Citizens Coalition,ACC,#cb9e65,{placeholder},https://www.elections.org.za/content/img_parties/AAC.jpg,{placeholder}
Active Movement For Change,AMC,#958546,{placeholder},https://www.elections.org.za/content/img_parties/AMC.jpg,{placeholder}
Active Nation Against Corruption,{placeholder},#fdfe00,{placeholder},https://www.elections.org.za/content/img_parties/NO_ABBR1552.jpg,{placeholder}
Active United Front,AUF,#0f8239,{placeholder},https://www.elections.org.za/content/img_parties/AUFWC047.jpg,{placeholder}
Activists Movement Of South Africa,AMSA,#000002,{placeholder},https://www.elections.org.za/content/img_parties/AMSA.jpg,{placeholder}
Adelaide Residents Association,{placeholder},{placeholder},{placeholder},{placeholder},{placeholder}
Advanced Dynamic Alliance,ADA,#004e9b,{placeholder},https://www.elections.org.za/content/img_parties/ADA.jpg,{placeholder}
Advieskantoor,{placeholder},#121317,{placeholder},https://www.elections.org.za/content/img_parties/NO_ABBR1119.jpg,{placeholder}
Africa Africans Reclaim,AAR,#c90000,{placeholder},https://www.elections.org.za/content/img_parties/AAR.jpg,{placeholder}
Africa Alliance Congress,AAC,#cb9e65,{placeholder},https://www.elections.org.za/content/img_parties/AAC.jpg,{placeholder}
Africa Moral Party,{placeholder},{placeholder},{placeholder},{placeholder},{placeholder}
Africa Muslim Party,AMP,#75c05b,{placeholder},https://www.elections.org.za/content/img_parties/AMP.jpg,{placeholder}
Africa Redemption Democracy,ARD,#000106,{placeholder},https://www.elections.org.za/content/img_parties/ARD.jpg,{placeholder}
Africa Restoration Alliance,ARA,#ef3892,{placeholder},https://www.elections.org.za/content/img_parties/ARA.jpg,{placeholder}
Africa Women And Youth Party,{placeholder},#279dbf,{placeholder},https://www.elections.org.za/content/img_parties/NO_ABBR92.jpg,{placeholder}
Africa's New Dawn,ANDSA,#d1a564,{placeholder},https://www.elections.org.za/content/img_parties/ANDSA.jpg,{placeholder}
Africa-Party-Map,#MA,#817e74,{placeholder},https://www.elections.org.za/content/img_parties/MAP.jpg,{placeholder}
African Ambassadors Of South Africa,AASA,#994f4c,{placeholder},https://www.elections.org.za/content/img_parties/AASAJHB.jpg,{placeholder}
African Basic Republicans,ABR,#136bb5,{placeholder},https://www.elections.org.za/content/img_parties/ABR.jpg,{placeholder}
African Bond Of Unity,ABU,#d8604e,{placeholder},https://www.elections.org.za/content/img_parties/ABU.jpg,{placeholder}
African Born Freedom Fighter,ABFF,#f5e15e,{placeholder},https://www.elections.org.za/content/img_parties/ABFF.jpg,{placeholder}
African Change Academy,A.C.A.,#a7db43,{placeholder},https://www.elections.org.za/content/img_parties/A.C.A..jpg,{placeholder}
African Christian Alliance / Afrikaner Christen Alliansie,ACA,#e88184,{placeholder},https://www.elections.org.za/content/img_parties/ACA.jpg,{placeholder}
African Christian Democratic Party,ACDP,#0c89cc,{placeholder},https://www.elections.org.za/content/img_parties/ACDP.jpg,{placeholder}
African Civil Revolutionary Movement,ACRM,#9ed26e,{placeholder},https://www.elections.org.za/content/img_parties/ACRM.jpg,{placeholder}
African Community Movement,{placeholder},{placeholder},{placeholder},{placeholder},{placeholder}
African Congress For Transformation,{placeholder},{placeholder},{placeholder},{placeholder},{placeholder}
African Congress Of Democrats,A.C.D,#b55c58,{placeholder},https://www.elections.org.za/content/img_parties/A.C.D.jpg,{placeholder}
African Content Movement,ACM,#472d58,{placeholder},https://www.elections.org.za/content/img_parties/ACM.jpg,{placeholder}
African Covenant,ACO,#0a763c,{placeholder},https://www.elections.org.za/content/img_parties/ACO.jpg,{placeholder}
African Credible Leaders,ACL,#e9e3ed,{placeholder},https://www.elections.org.za/content/img_parties/ACL.jpg,{placeholder}
African Democratic Change,ADEC,#80b6d8,{placeholder},https://www.elections.org.za/content/img_parties/ADeC.jpg,{placeholder}
African Democratic Movement,ADM,{placeholder},{placeholder},{placeholder},{placeholder}
African Democrats,A.D,#247244,{placeholder},https://www.elections.org.za/content/img_parties/A.D.jpg,{placeholder}
African Disabled People's Movement,ADPM,#ae4437,{placeholder},https://www.elections.org.za/content/img_parties/ADPM.jpg,{placeholder}
African Economic Freedom,AEF,#0d4401,{placeholder},https://www.elections.org.za/content/img_parties/AEF.jpg,{placeholder}
African Economic Transformers,AET,#f6e47a,{placeholder},https://www.elections.org.za/content/img_parties/AET.jpg,{placeholder}
African Federal Convention,AFCO,#c6ab2a,{placeholder},https://www.elections.org.za/content/img_parties/AFCO.jpg,{placeholder}
African Forces Front,AFF,#cf1133,{placeholder},https://www.elections.org.za/content/img_parties/AFF.jpg,{placeholder}
African Freedom Party,AFP,#27548f,{placeholder},https://www.elections.org.za/content/img_parties/AFPLIM333.jpg,{placeholder}
African Freedom Revolution,AFR,#5e7f86,{placeholder},https://www.elections.org.za/content/img_parties/AFR.jpg,{placeholder}
African Freedom Salvation,AFS,#5cbd8a,{placeholder},https://www.elections.org.za/content/img_parties/AFSDC33.jpg,{placeholder}
African Health Insurance,AHA,#c200bc,{placeholder},https://www.elections.org.za/content/img_parties/AHA.jpg,{placeholder}
African Heart Congress,AHC,#e3bb73,{placeholder},https://www.elections.org.za/content/img_parties/AHC.jpg,{placeholder}
African Independent Congress,AIC,#f4c530,{placeholder},https://www.elections.org.za/content/img_parties/AIC.jpg,{placeholder}
African Independent People's Organisation,AIPO,#783b42,{placeholder},https://www.elections.org.za/content/img_parties/AIPOMP315.jpg,{placeholder}
African Islamic Movement,A-M,#8ab48d,{placeholder},https://www.elections.org.za/content/img_parties/A-MCPT.jpg,{placeholder}
African Liberation Party,ALP,#50434c,{placeholder},https://www.elections.org.za/content/img_parties/ALP.jpg,{placeholder}
African Mandate Congress,AMCO,#ffff47,{placeholder},https://www.elections.org.za/content/img_parties/AMCOTSH.jpg,{placeholder}
African Mantungwa Community,AC,#e7ee8d,{placeholder},https://www.elections.org.za/content/img_parties/AC.jpg,{placeholder}
African Moderates Congress Party,AMCP,{placeholder},{placeholder},{placeholder},{placeholder}
African Movement Congress,{placeholder},#0bbc1a,{placeholder},https://www.elections.org.za/content/img_parties/NO_ABBR1775.jpg,{placeholder}
African Multicultural Economic Congress,AMEC,#ba4545,{placeholder},https://www.elections.org.za/content/img_parties/AMEC.jpg,{placeholder}
African National Congress,ANC,#00a650,{placeholder},https://www.elections.org.za/content/img_parties/ANC.jpg,{placeholder}
African National Party,ANP,#f7e851,{placeholder},https://www.elections.org.za/content/img_parties/ANP.jpg,{placeholder}
African Peace Party,A.P.P.,#cdd489,{placeholder},https://www.elections.org.za/content/img_parties/A.P.P..jpg,{placeholder}
African People First,APF,#eac978,{placeholder},https://www.elections.org.za/content/img_parties/APF.jpg,{placeholder}
African People's Convention,APC,#e3ce65,{placeholder},https://www.elections.org.za/content/img_parties/APC.jpg,{placeholder}
African People's Movement,APEMO,#016801,{placeholder},https://www.elections.org.za/content/img_parties/APEMO.jpg,{placeholder}
African People's Socialist Party,APSP,#d9ae3c,{placeholder},https://www.elections.org.za/content/img_parties/APSP.jpg,{placeholder}
African Power Movement,{placeholder},{placeholder},{placeholder},{placeholder},{placeholder}
African Progressive Movement,APMO,#453327,{placeholder},https://www.elections.org.za/content/img_parties/APMO.jpg,{placeholder}
African Renaissance Civic Movement,{placeholder},{placeholder},{placeholder},{placeholder},{placeholder}
African Renaissance Unity,ARU,#441712,{placeholder},https://www.elections.org.za/content/img_parties/ARU.jpg,{placeholder}
African Security Congress,ASC,#b13325,{placeholder},https://www.elections.org.za/content/img_parties/ASC.jpg,{placeholder}
African Traditional Congress,ATC,#b3a081,{placeholder},https://www.elections.org.za/content/img_parties/ATCMP316.jpg,{placeholder}
African Transformation Efficiency And Affirmative Movement,{placeholder},{placeholder},{placeholder},{placeholder},{placeholder}
African Transformation Movement,ATM,#dcc85c,{placeholder},https://www.elections.org.za/content/img_parties/ATM.jpg,{placeholder}
African Unified Movement,AUM,#e18e32,{placeholder},https://www.elections.org.za/content/img_parties/AUM.jpg,{placeholder}
African Voice,AV,#662f28,{placeholder},https://www.elections.org.za/content/img_parties/AV.jpg,{placeholder}
African Voice Progressive Party,AVPP,#7eb671,{placeholder},https://www.elections.org.za/content/img_parties/AVPPMP316.jpg,{placeholder}
Afrika Borwa Kgutlisa Botho,abkb,#dc564a,{placeholder},https://www.elections.org.za/content/img_parties/abkb.jpg,{placeholder}
Afrika For All,AFA,#158c52,{placeholder},https://www.elections.org.za/content/img_parties/AFALIM367.jpg,{placeholder}
Afrikaans Kleurling Bewustheids Party,AKBP,#244e9c,{placeholder},https://www.elections.org.za/content/img_parties/AKBP.jpg,{placeholder}
Afrikan Alliance Of Social Democrats,AASD,#fbfd45,{placeholder},https://www.elections.org.za/content/img_parties/AASD.jpg,{placeholder}
Afrikan Republikan Movement Of Yah,A.R.M.Y,#bf4f24,{placeholder},https://www.elections.org.za/content/img_parties/A.R.M.Y.jpg,{placeholder}
Afrikan Selfbeskikking Party,AFRSP,#180ee8,{placeholder},https://www.elections.org.za/content/img_parties/AFRSP.jpg,{placeholder}
Afrikaner Eenheidsbeweging,AEB,#e95f00,{placeholder},https://www.elections.org.za/content/img_parties/AEB.jpg,{placeholder}
Afro Natives,AFNA,#93652f,{placeholder},https://www.elections.org.za/content/img_parties/AFNA.jpg,{placeholder}
Agang South Africa,AGANG SA,#1c7d61,{placeholder},https://www.elections.org.za/content/img_parties/AGANG SA.jpg,{placeholder}
Agency For New Agenda,ANA,#c53131,{placeholder},https://www.elections.org.za/content/img_parties/ANA.jpg,{placeholder}
Agenda To Citizenry Governors,ACG,#e8b0b3,{placeholder},https://www.elections.org.za/content/img_parties/ACG.jpg,{placeholder}
Aksie Eenheid Belastingbetalers/Action Unity Ratepayers,{placeholder},{placeholder},{placeholder},{placeholder},{placeholder}
Al Jama-Ah,ALJAMA,#000000,{placeholder},https://www.elections.org.za/content/img_parties/ALJAMA.jpg,{placeholder}
Al Shura Party,ASP,#237dcb,{placeholder},https://www.elections.org.za/content/img_parties/ASPCPT.jpg,{placeholder}
All Citizens Party,ACP,#c96320,{placeholder},https://www.elections.org.za/content/img_parties/ACP%20.jpg,{placeholder}
All People's Party SA,APP-SA,{placeholder},{placeholder},{placeholder},{placeholder}
All Things Are Possible,ATAP,#0168b3,{placeholder},https://www.elections.org.za/content/img_parties/ATAP.jpg,{placeholder}
All Unemployment Labour Alliance,AULA,#0671ad,{placeholder},https://www.elections.org.za/content/img_parties/AULAFS194.jpg,{placeholder}
Alliance 2000+,{placeholder},{placeholder},{placeholder},{placeholder},{placeholder}
Alliance Of Free Democrats,{placeholder},{placeholder},{placeholder},{placeholder},{placeholder}
Alliance For Community Transformation,{placeholder},{placeholder},{placeholder},{placeholder},{placeholder}
Alliance For Democracy And Prosperity,ADP,#73738d,{placeholder},https://www.elections.org.za/content/img_parties/ADP.jpg,{placeholder}
Alliance For Democratic Freedom,ADF,#fc7b5b,{placeholder},https://www.elections.org.za/content/img_parties/ADF.jpg,{placeholder}
Alliance For One Nation,A4ONE,#006a92,{placeholder},https://www.elections.org.za/content/img_parties/A4ONE.jpg,{placeholder}
Alliance For Transformation For All,ATA,#044e97,{placeholder},https://www.elections.org.za/content/img_parties/ATA.jpg,{placeholder}
Alliance For The Community,{placeholder},{placeholder},{placeholder},{placeholder},{placeholder}
Alliance Of Associated Residents Of KZ221,{placeholder},{placeholder},{placeholder},{placeholder},{placeholder}
Alliance Of Citizens For Change,{placeholder},{placeholder},{placeholder},{placeholder},{placeholder}
Alliance Of Democratic Congress,ADC,#b19226,{placeholder},https://www.elections.org.za/content/img_parties/ADCWC012.jpg,{placeholder}
Alliance Of Independents Midvaal,{placeholder},{placeholder},{placeholder},{placeholder},{placeholder}
Alliance Of Indigenous And True South Africans,AITSA,#990100,{placeholder},https://www.elections.org.za/content/img_parties/AITSANC067.jpg,{placeholder}
Alliansie Noord,{placeholder},{placeholder},{placeholder},{placeholder},{placeholder}
Allied Movement For Change,AM4C,#f1b33a,{placeholder},https://www.elections.org.za/content/img_parties/AM4C.jpg,{placeholder}
Alternative African Allegiance,AAA,#a77d4c,{placeholder},https://www.elections.org.za/content/img_parties/AAAJHB.jpg,{placeholder}
Alternative Democrats,AD,#07549a,{placeholder},https://www.elections.org.za/content/img_parties/ADNMA.jpg,{placeholder}
Amalgamated Rainbow Movement,ARM,#faac2a,{placeholder},https://www.elections.org.za/content/img_parties/ARM.jpg,{placeholder}
Anchor Reformed Political Party,ANCHOR,#fbfabf,{placeholder},https://www.elections.org.za/content/img_parties/ANCHOR.jpg,{placeholder}
Answer For Community,AFC,#ce706e,{placeholder},https://www.elections.org.za/content/img_parties/AFCLIM472.jpg,{placeholder}
Appropriate Mutual Understanding Patriotic Party,AMUPAPA,#e1bc3a,{placeholder},https://www.elections.org.za/content/img_parties/AMUPAPA.jpg,{placeholder}
Are Ageng Afrika,AA,#4d6409,{placeholder},https://www.elections.org.za/content/img_parties/AANW385.jpg,{placeholder}
Arise South Africa,ASA,#535353,{placeholder},https://www.elections.org.za/content/img_parties/ASA.jpg,{placeholder}
Arona,ARONA,#efc000,{placeholder},https://www.elections.org.za/content/img_parties/ARONADC37.jpg,{placeholder}
Arusha Economic Coalition,ARECO,#f9e574,{placeholder},https://www.elections.org.za/content/img_parties/ARECO.jpg,{placeholder}
Ascora,{placeholder},{placeholder},{placeholder},{placeholder},{placeholder}
Asisikimeni Community Development And Advice Movement,ACDAM,#b29853,{placeholder},https://www.elections.org.za/content/img_parties/ACDAM.jpg,{placeholder}
Azania Resident Party,ARP,#448a6d,{placeholder},https://www.elections.org.za/content/img_parties/ARP.jpg,{placeholder}
Azanian Alliance Congress,{placeholder},{placeholder},{placeholder},{placeholder},{placeholder}
Azanian Independent Community Movement,AICM,#089246,{placeholder},https://www.elections.org.za/content/img_parties/AICMNW373.jpg,{placeholder}
Azania Peaceful Revolution,{placeholder},{placeholder},{placeholder},{placeholder},{placeholder}
Azanian People's Organisation,AZAPO,#f5bf65,{placeholder},https://www.elections.org.za/content/img_parties/AZAPO.jpg,{placeholder}
Azanian Revolutionary Congress,AZARCO,#dbb002,{placeholder},https://www.elections.org.za/content/img_parties/AZARCO.jpg,{placeholder}
Badira Mmogo Freedom Party,BFP,{placeholder},{placeholder},https://www.elections.org.za/content/img_parties/BFPDC47.jpg,{placeholder}
Bana Ba Thari,BBT,#776551,{placeholder},https://www.elections.org.za/content/img_parties/BBTNW375.jpg,{placeholder}
Barkly West Task Team,{placeholder},{placeholder},{placeholder},{placeholder},{placeholder}
Basic Income Grant SA,BIG SA,#ee1f27,{placeholder},https://www.elections.org.za/content/img_parties/BIG SA.jpg,{placeholder}
Batho Pele Movement,BPM,#391c5a,{placeholder},https://www.elections.org.za/content/img_parties/BPM.jpg,{placeholder}
Batho Pele Party,BPP,{placeholder},{placeholder},{placeholder},{placeholder}
Batho Ba Qetile,BBQ,{placeholder},{placeholder},{placeholder},{placeholder}
Bedford Residents Association,{placeholder},{placeholder},{placeholder},{placeholder},{placeholder}
Belabela Community Revolution,BBCR,#e5c071,{placeholder},https://www.elections.org.za/content/img_parties/BBCRLIM366.jpg,{placeholder}
Belastingbetalersvereniging,{placeholder},{placeholder},{placeholder},{placeholder},{placeholder}
Belastingbetalersverening Van Parys,{placeholder},{placeholder},{placeholder},{placeholder},{placeholder}
Beter Bloemhof Party,{placeholder},{placeholder},{placeholder},{placeholder},{placeholder}
Better Residents Association,BRA,#2092c6,{placeholder},https://www.elections.org.za/content/img_parties/BRAMP325.jpg,{placeholder}
Bitou Concerned Residents,BCR,{placeholder},{placeholder},https://www.elections.org.za/content/img_parties/BCRWC047.jpg,{placeholder}
Bitou Independent Party,BIP,#7b9250,{placeholder},https://www.elections.org.za/content/img_parties/BIPW047.jpg,{placeholder}
Black Consciousness Forum,{placeholder},{placeholder},{placeholder},{placeholder},{placeholder}
Black Consciousness Party,BCP,#ffd27f,{placeholder},https://www.elections.org.za/content/img_parties/BCP.jpg,{placeholder}
Black Economic Empowerment Party,{placeholder},{placeholder},{placeholder},{placeholder},{placeholder}
Black First Land First,BLF,#913628,{placeholder},https://www.elections.org.za/content/img_parties/BLF.jpg,{placeholder}
Black And White Party,BWP,{placeholder},{placeholder},{placeholder},{placeholder}
Bohlokong Civic Association,{placeholder},{placeholder},{placeholder},{placeholder},{placeholder}
Bolsheviks Party Of South Africa,BPSA,#c86760,{placeholder},https://www.elections.org.za/content/img_parties/BPSA.jpg,{placeholder}
Botho Community Movement,BCM,#91261e,{placeholder},https://www.elections.org.za/content/img_parties/BCMNW373.jpg,{placeholder}
Botshabelo Unemployed Movement,BUM,#f2b833,{placeholder},https://www.elections.org.za/content/img_parties/BUMMAN.jpg,{placeholder}
Breedevallei Onafhanklik,BO,#fbf153,{placeholder},https://www.elections.org.za/content/img_parties/BO.jpg,{placeholder}
Build One South Africa,BOSA,#fab51c,{placeholder},https://www.elections.org.za/content/img_parties/BOSA.jpg,{placeholder}
Building A Cohesive Society,BACS,#c00000,{placeholder},https://www.elections.org.za/content/img_parties/BACS.jpg,{placeholder}
Bushbuckridge Locals Movement,BLOM,#d77750,{placeholder},https://www.elections.org.za/content/img_parties/BLOM.jpg,{placeholder}
Bushbuckridge Residents Association,{placeholder},{placeholder},{placeholder},{placeholder},{placeholder}
Cape Agulhas Ratepayers Association,CARA,#4c623c,{placeholder},https://www.elections.org.za/content/img_parties/NO_ABBR657.jpg,{placeholder}
Cape Independence Party / Kaapse Onafhanklikheids Party,CAPEXIT,#121a48,{placeholder},https://www.elections.org.za/content/img_parties/CAPEXIT.jpg,{placeholder}
Cape Muslim Congress,CMC,#646464,{placeholder},https://www.elections.org.za/content/img_parties/CMCCPT.jpg,{placeholder}
Capitalist Party Of South Africa,ZACP,#674f9d,{placeholder},https://www.elections.org.za/content/img_parties/ZACP.jpg,{placeholder}
Capricorn Independent Community Activists Forum,CICAF,#0a527e,{placeholder},https://www.elections.org.za/content/img_parties/CICAFLIM353.jpg,{placeholder}
Cathcart Residents Association,{placeholder},{placeholder},{placeholder},{placeholder},{placeholder}
Cederberg First Residents Association,CE,#e24349,{placeholder},https://www.elections.org.za/content/img_parties/CEWC012.jpg,{placeholder}
Change,CHANGE,#6d1f1b,{placeholder},https://www.elections.org.za/content/img_parties/NO_ABBR1477.jpg,{placeholder}
Christen Party/Christian Party,{placeholder},{placeholder},{placeholder},{placeholder},{placeholder}
Christen Protestante Party Van Suider Afrika,{placeholder},{placeholder},{placeholder},{placeholder},{placeholder}
Christian Ambassadors Political Party,CAPP,#8b5c86,{placeholder},https://www.elections.org.za/content/img_parties/CAPP.jpg,{placeholder}
Christian Democratic Alliance,CDA,#deb563,{placeholder},https://www.elections.org.za/content/img_parties/CDA.jpg,{placeholder}
Christian Democratic Party,CDP,#fdf177,{placeholder},https://www.elections.org.za/content/img_parties/CDP.jpg,{placeholder}
Christian Democrats,CD,#044e8f,{placeholder},https://www.elections.org.za/content/img_parties/CD.jpg,{placeholder}
Christian Front,CF,#ca6657,{placeholder},https://www.elections.org.za/content/img_parties/CF.jpg,{placeholder}
Christian Political Movement,CPM,#c9553a,{placeholder},https://www.elections.org.za/content/img_parties/CPM.jpg,{placeholder}
Christian Political Party,CPP,#302261,{placeholder},https://www.elections.org.za/content/img_parties/CPP.jpg,{placeholder}
Christian United Movement SA (The Right Choice),CUMSA,#bdb47e,{placeholder},https://www.elections.org.za/content/img_parties/CUMSAWC044.jpg,{placeholder}
Christians Of South Africa,COSA,#2790d1,{placeholder},https://www.elections.org.za/content/img_parties/COSA.jpg,{placeholder}
Citizans,CITIZANS,#01b0f1,{placeholder},https://www.elections.org.za/content/img_parties/CITIZANS.jpg,{placeholder}
Citizens Rights Protection Unity,C.R.P.U,#e1996c,{placeholder},https://www.elections.org.za/content/img_parties/C.R.P.UWC047.jpg,{placeholder}
Civic Alliance Of South Africa,CASA,#84436b,{placeholder},https://www.elections.org.za/content/img_parties/CASA.jpg,{placeholder}
Civic Alliansie,{placeholder},{placeholder},{placeholder},{placeholder},{placeholder}
Civic Democrats,{placeholder},{placeholder},{placeholder},{placeholder},{placeholder}
Civic Independent,CI,#222222,{placeholder},https://www.elections.org.za/content/img_parties/CI.jpg,{placeholder}
Civic Movement Of South Africa,CMOSA,{placeholder},{placeholder},https://www.elections.org.za/content/img_parties/CMOSA.jpg,{placeholder}
Civic Voice,CVC,#7a8066,{placeholder},https://www.elections.org.za/content/img_parties/CVCMP305.jpg,{placeholder}
Civic Warriors,{placeholder},#76bc6b,{placeholder},https://www.elections.org.za/content/img_parties/NO_ABBR1083.jpg,{placeholder}
Civic Warriors Of Maruleng,CWM,{placeholder},{placeholder},{placeholder},{placeholder}
Civilian Democratic Congress,CDC,#ce6b53,{placeholder},https://www.elections.org.za/content/img_parties/CDC.jpg,{placeholder}
Coloured Voice,CV,#95bd48,{placeholder},https://www.elections.org.za/content/img_parties/CV.jpg,{placeholder}
Community Coalition,{placeholder},{placeholder},{placeholder},{placeholder},{placeholder}
Community Congress,CC,#cc5656,{placeholder},https://www.elections.org.za/content/img_parties/CCLIM473.jpg,{placeholder}
Community Freedom Party,CFP,#9c7764,{placeholder},https://www.elections.org.za/content/img_parties/CFP.jpg,{placeholder}
Community Initiative/Gemeenskap Inisiatief,{placeholder},{placeholder},{placeholder},{placeholder},{placeholder}
Community Parliament,{placeholder},#010204,{placeholder},https://www.elections.org.za/content/img_parties/NO_ABBR1747.jpg,{placeholder}
Community Party,CP,#b94337,{placeholder},https://www.elections.org.za/content/img_parties/CP.jpg,{placeholder}
Community Solidarity Association,{placeholder},#7b2d43,{placeholder},https://www.elections.org.za/content/img_parties/NO_ABBR1563.jpg,{placeholder}
Community Workers Forum,{placeholder},{placeholder},{placeholder},{placeholder},{placeholder}
Community And Workers Alliance,CWA,#cc4b42,{placeholder},https://www.elections.org.za/content/img_parties/CWAWC026.jpg,{placeholder}
Community Of South Africa,{placeholder},#c1786d,{placeholder},https://www.elections.org.za/content/img_parties/NO_ABBR949.jpg,{placeholder}
Compatriots Of South Africa,CSA,#54ad4f,{placeholder},https://www.elections.org.za/content/img_parties/CSA.jpg,{placeholder}
Concern,CONCERN,#303227,{placeholder},https://www.elections.org.za/content/img_parties/CONCERNTSH.jpg,{placeholder}
Concerned Drakenstein Residents,CDR,#81a834,{placeholder},https://www.elections.org.za/content/img_parties/CDRWC023.jpg,{placeholder}
Congregational Christian Unity,CCU,#e0cb62,{placeholder},https://www.elections.org.za/content/img_parties/CCUKZN282.jpg,{placeholder}
Congress Movement Of The Coloured People In South Africa,{placeholder},{placeholder},{placeholder},{placeholder},{placeholder}
Congress Of The People,COPE,#ffd73a,{placeholder},https://www.elections.org.za/content/img_parties/COPE.jpg,{placeholder}
Conservatives In Action,CIASA,#0c1330,{placeholder},https://www.elections.org.za/content/img_parties/CIASA.jpg,{placeholder}
Credible Alternative 1st Movement,{placeholder},{placeholder},{placeholder},{placeholder},{placeholder}
D'Almedia Civic Association,DCA,#fadc62,{placeholder},https://www.elections.org.za/content/img_parties/DCA.jpg,{placeholder}
Dabalorivhuwa Patriotic Front,DPF,#070908,{placeholder},https://www.elections.org.za/content/img_parties/DPF.jpg,{placeholder}
Daveyton Community Peace Committee,{placeholder},{placeholder},{placeholder},{placeholder},{placeholder}
Decent Political Party,DPP,#145b89,{placeholder},https://www.elections.org.za/content/img_parties/DPPLIM345.jpg,{placeholder}
Defenders Of The People,DOP,{placeholder},{placeholder},https://www.elections.org.za/content/img_parties/DOPLIM335.jpg,{placeholder}
Democratic Alliance,DA,#01559d,{placeholder},https://www.elections.org.za/content/img_parties/DA.jpg,{placeholder}
Democratic Artists Party,DAP,#89d7f4,{placeholder},https://www.elections.org.za/content/img_parties/DAP.jpg,{placeholder}
Democratic Association Of Witzenberg Independence,DAWI,#664a8b,{placeholder},https://www.elections.org.za/content/img_parties/DAWIWC022.jpg,{placeholder}
Democratic Christian Party,DCP,#d6c460,{placeholder},https://www.elections.org.za/content/img_parties/DCP.jpg,{placeholder}
Democratic Community Movement,DCM,#00a34a,{placeholder},https://www.elections.org.za/content/img_parties/DCMMP325.jpg,{placeholder}
Democratic Equality Empowerment Party,DEEP,#9c68a8,{placeholder},https://www.elections.org.za/content/img_parties/DEEPCPT.jpg,{placeholder}
Democratic Freedom Alliance,DFA,#a9c0e3,{placeholder},https://www.elections.org.za/content/img_parties/DFAKZN212.jpg,{placeholder}
Democratic Independent Party,DI,#104378,{placeholder},https://www.elections.org.za/content/img_parties/DI.jpg,{placeholder}
Democratic Labour Party,DLP,#d3a63f,{placeholder},https://www.elections.org.za/content/img_parties/DLP.jpg,{placeholder}
Democratic Liberal Congress,DLC,#b13e3a,{placeholder},https://www.elections.org.za/content/img_parties/DLC.jpg,{placeholder}
Democratic New Civic Association,DNCA,#337fba,{placeholder},https://www.elections.org.za/content/img_parties/DNCAWC024.jpg,{placeholder}
Democratic Party,DP,#0176c6,{placeholder},https://www.elections.org.za/content/img_parties/DP.jpg,{placeholder}
Democratic People's Alternative,D.P.A,#15416e,{placeholder},https://www.elections.org.za/content/img_parties/D.P.ACPT.jpg,{placeholder}
Democratic People's Congress,DPC,#f4cf64,{placeholder},https://www.elections.org.za/content/img_parties/DPC.jpg,{placeholder}
Democratic People's Movement,{placeholder},{placeholder},{placeholder},{placeholder},{placeholder}
Democratic Revolutionary Party Of South Africa,DRPSA,#8fa8e0,{placeholder},https://www.elections.org.za/content/img_parties/DRPSA.jpg,{placeholder}
Democratic Union Party,DUP,#fad55e,{placeholder},https://www.elections.org.za/content/img_parties/DUP.jpg,{placeholder}
Democratic Union Plus,{placeholder},{placeholder},{placeholder},{placeholder},{placeholder}
Democrats For Change,{placeholder},{placeholder},{placeholder},{placeholder},{placeholder}
Dennilton Residents Association,DRA,#17443f,{placeholder},https://www.elections.org.za/content/img_parties/DRALIM472.jpg,{placeholder}
Development Of Jobs In Vryheid,DJ-V,#d58643,{placeholder},https://www.elections.org.za/content/img_parties/DJ-VKZN263.jpg,{placeholder}
Devoted Citizens Of Johannesburg,DCOJ,#13007d,{placeholder},https://www.elections.org.za/content/img_parties/DCOJJHB.jpg,{placeholder}
Devoted Citizens Of Msunduzi,{placeholder},#475681,{placeholder},https://www.elections.org.za/content/img_parties/NO_ABBR1630.jpg,{placeholder}
Die Forum,DF,#20589f,{placeholder},https://www.elections.org.za/content/img_parties/DFNC082.jpg,{placeholder}
Die Maquassi Hills/Rante Gemeenskapsvereniging,{placeholder},#0082de,{placeholder},https://www.elections.org.za/content/img_parties/NO_ABBR187.jpg,{placeholder}
Dienslewerings Party,DLRP,#6a8b44,{placeholder},https://www.elections.org.za/content/img_parties/DLRPWC031.jpg,{placeholder}
Dikgatlong Independed Forum,D.I.F,{placeholder},{placeholder},https://www.elections.org.za/content/img_parties/D.I.F.NC092.jpg,{placeholder}
Dikgatlong Service Delivery Forum,DSDF,#e5c774,{placeholder},https://www.elections.org.za/content/img_parties/DSDFNC092.jpg,{placeholder}
Dikwankwetla Party Of South Africa,DPSA,#e07a2f,{placeholder},https://www.elections.org.za/content/img_parties/DPSA.jpg,{placeholder}
Direct Democracy Forum,DDF,#3b192a,{placeholder},https://www.elections.org.za/content/img_parties/DDF.jpg,{placeholder}
Disability And Older Person Political Party,DOPP,#70277b,{placeholder},https://www.elections.org.za/content/img_parties/DOPP.jpg,{placeholder}
Displacees Rate-Payers Association,{placeholder},{placeholder},{placeholder},{placeholder},{placeholder}
Disrupt Party,DSPT,#43b39b,{placeholder},https://www.elections.org.za/content/img_parties/DSPTJHB.jpg,{placeholder}
Drakensberg Concerned Residents,D.C.R,#f5db7c,{placeholder},https://www.elections.org.za/content/img_parties/D.C.REC138.jpg,{placeholder}
Dream Nation Africa,DNA,#a34623,{placeholder},https://www.elections.org.za/content/img_parties/DNA.jpg,{placeholder}
Dube Civic Organisation,{placeholder},{placeholder},{placeholder},{placeholder},{placeholder}
East Rand Forum/Oosrand Forum,{placeholder},{placeholder},{placeholder},{placeholder},{placeholder}
Eastern Cape Movement,E.C.M,#b67252,{placeholder},https://www.elections.org.za/content/img_parties/E.C.M.jpg,{placeholder}
Economic Emancipation Forum,ECOFORUM,#facb3c,{placeholder},https://www.elections.org.za/content/img_parties/ECOFORUM.jpg,{placeholder}
Economic Freedom Fighters,EFF,#fe0000,{placeholder},https://www.elections.org.za/content/img_parties/EFF.jpg,{placeholder}
Economic Freedom Movement,{placeholder},{placeholder},{placeholder},{placeholder},{placeholder}
Economic Growth Organisation,EGO,#40523d,{placeholder},https://www.elections.org.za/content/img_parties/EGO.jpg,{placeholder}
Economic Liberation Congress,ELC,{placeholder},{placeholder},https://www.elections.org.za/content/img_parties/ELWC012.jpg,{placeholder}
Economic Liberators Forum South Africa,{placeholder},{placeholder},{placeholder},{placeholder},{placeholder}
Ecopeace Party,ECOPEACE,#f7f854,{placeholder},https://www.elections.org.za/content/img_parties/ECOPEACE.jpg,{placeholder}
Eden United People's Party,EUPP,#c4ec66,{placeholder},https://www.elections.org.za/content/img_parties/EUPP.jpg,{placeholder}
Eenheid Boere Stabiliteit,EBS,#ad6569,{placeholder},https://www.elections.org.za/content/img_parties/EBS.jpg,{placeholder}
Ekurhuleni Community Movement,ECM,#00a94c,{placeholder},https://www.elections.org.za/content/img_parties/ECMEKU.jpg,{placeholder}
Equal Power Party,EPP,#ca525b,{placeholder},https://www.elections.org.za/content/img_parties/EPPJHB.jpg,{placeholder}
Equal Rights For All,ERA,#203429,{placeholder},https://www.elections.org.za/content/img_parties/ERAMP325.jpg,{placeholder}
Federal Alliance,FA,#597199,{placeholder},https://www.elections.org.za/content/img_parties/FA.jpg,{placeholder}
Federal Congress,{placeholder},{placeholder},{placeholder},{placeholder},{placeholder}
Federal Party,FP,{placeholder},{placeholder},https://www.elections.org.za/content/img_parties/FPSA.jpg,{placeholder}
Federal Party SA,FPSA,#a5d5fe,{placeholder},https://www.elections.org.za/content/img_parties/FPSA.jpg,{placeholder}
Federation Of African States,FAS,#fe0000,{placeholder},https://www.elections.org.za/content/img_parties/FASLIM473.jpg,{placeholder}
Federation Of Democrats,F.D,{placeholder},{placeholder},https://www.elections.org.za/content/img_parties/F.D.WC023.jpg,{placeholder}
Fighting Unemployment,FU,#fbb749,{placeholder},https://www.elections.org.za/content/img_parties/FU.jpg,{placeholder}
First Community Party Of South Africa,{placeholder},{placeholder},{placeholder},{placeholder},{placeholder}
First Nation Liberation Alliance,{placeholder},{placeholder},{placeholder},{placeholder},{placeholder}
Forum 4 Service Delivery,F4SD,#222e24,{placeholder},https://www.elections.org.za/content/img_parties/F4SD.jpg,{placeholder}
Forum For Democrats,FFD,#feed3f,{placeholder},https://www.elections.org.za/content/img_parties/FFDNW385.jpg,{placeholder}
Frances Baard District Forum,FBDF,#7a5fab,{placeholder},https://www.elections.org.za/content/img_parties/FBDFDC9.jpg,{placeholder}
Free Democrats,FREE DEMS,#e18d8d,{placeholder},https://www.elections.org.za/content/img_parties/FREE DEMS.jpg,{placeholder}
Freedom Front,FF,#fcf72a,{placeholder},https://www.elections.org.za/content/img_parties/GCFNC453.jpg,{placeholder}
Front Nasionaal / Front National,FN,#5b80b4,{placeholder},https://www.elections.org.za/content/img_parties/FN.jpg,{placeholder}
Future Democratic Party,{placeholder},{placeholder},{placeholder},{placeholder},{placeholder}
Future Generation Congress,FGC,#652d90,{placeholder},https://www.elections.org.za/content/img_parties/FGC.jpg,{placeholder}
Gamagara Community Forum,GCF,{placeholder},{placeholder},{placeholder},{placeholder}
Gaza Movement For Change,GMC,#11732e,{placeholder},https://www.elections.org.za/content/img_parties/GMC.jpg,{placeholder}
Gaza Youth Revolution,GYR,#499b77,{placeholder},https://www.elections.org.za/content/img_parties/GYRLIM331.jpg,{placeholder}
Gazankulu Liberation Congress,GLC,#967e64,{placeholder},https://www.elections.org.za/content/img_parties/GLC.jpg,{placeholder}
Gemini,{placeholder},#f7a962,{placeholder},https://www.elections.org.za/content/img_parties/NO_ABBR289.jpg,{placeholder}
George Community Initiative/George Gemeenskapsinisiatief,{placeholder},{placeholder},{placeholder},{placeholder},{placeholder}
George Independent Forum,{placeholder},{placeholder},{placeholder},{placeholder},{placeholder}
George Independent Ratepayers Forum,G.I.R.F,#1c6561,{placeholder},https://www.elections.org.za/content/img_parties/G.I.R.FWC044.jpg,{placeholder}
God Save Africa,G.S.A.,#006eb5,{placeholder},https://www.elections.org.za/content/img_parties/G.S.A..jpg,{placeholder}
Good,GOOD,#e08326,{placeholder},https://www.elections.org.za/content/img_parties/GOOD.jpg,{placeholder}
Gourikwa Khoisan,{placeholder},{placeholder},{placeholder},{placeholder},{placeholder}
Great Kongress Of South Africa,GKSA,#f8f070,{placeholder},https://www.elections.org.za/content/img_parties/GKSA.jpg,{placeholder}
Greater Brits Civic Organisation,{placeholder},{placeholder},{placeholder},{placeholder},{placeholder}
Greater Middelburg Residents Association,{placeholder},{placeholder},{placeholder},{placeholder},{placeholder}
Green Future,GF,#89c25b,{placeholder},https://www.elections.org.za/content/img_parties/GFWC024.jpg,{placeholder}
Green Party,GRP,{placeholder},{placeholder},{placeholder},{placeholder}
Hantam Ontwikkelings Forum,HOF,#07519c,{placeholder},https://www.elections.org.za/content/img_parties/HOFNC065.jpg,{placeholder}
Heavenly Economic And Political Freedom Programme,HEPFP,#12704e,{placeholder},https://www.elections.org.za/content/img_parties/HEPFP.jpg,{placeholder}
Helderberg Community Civic Organisation,{placeholder},{placeholder},{placeholder},{placeholder},{placeholder}
Hessequa People's Movement,HPM,#9ebb4d,{placeholder},https://www.elections.org.za/content/img_parties/HPMWC042.jpg,{placeholder}
Highveld Residents Concerned Party,{placeholder},{placeholder},{placeholder},{placeholder},{placeholder}
Hindu Unity Movement,HUM,#cdb86b,{placeholder},https://www.elections.org.za/content/img_parties/HUMETH.jpg,{placeholder}
His Lordship To Save And Lead Party,HIS L SHIP,#6dade3,{placeholder},https://www.elections.org.za/content/img_parties/HIS L SHIP.jpg,{placeholder}
Hope For The Future,HFTF,#d75e43,{placeholder},https://www.elections.org.za/content/img_parties/HFTFNC082.jpg,{placeholder}
Hoeveldrif Inwoners Vereniging,{placeholder},{placeholder},{placeholder},{placeholder},{placeholder}
Human Dignity Restoration,HDR,#c4323c,{placeholder},https://www.elections.org.za/content/img_parties/HDR.jpg,{placeholder}
Ikemeleng Free State,IFS,#b44b6e,{placeholder},https://www.elections.org.za/content/img_parties/IFS.jpg,{placeholder}
Ikhwezi Political Movement,IPM,#304d6b,{placeholder},https://www.elections.org.za/content/img_parties/IPMWC047.jpg,{placeholder}
Ikusasa Lesizwe Independent Movement,ILIMO,#de3238,{placeholder},https://www.elections.org.za/content/img_parties/ILIMOMP316.jpg,{placeholder}
Independent,{placeholder},{placeholder},{placeholder},{placeholder},{placeholder}
Independent African Movement,IAM,#649673,{placeholder},https://www.elections.org.za/content/img_parties/IAM.jpg,{placeholder}
Independent Alliance,IA,#d86e72,{placeholder},https://www.elections.org.za/content/img_parties/IA.jpg,{placeholder}
Independent Citizens Movement,ICM,#15100a,{placeholder},https://www.elections.org.za/content/img_parties/ICM.jpg,{placeholder}
Independent Civic Movement,{placeholder},#238a37,{placeholder},https://www.elections.org.za/content/img_parties/NO_ABBR1667.jpg,{placeholder}
Independent Civic Organisation Of South Africa,ICOSA,#e4232b,{placeholder},https://www.elections.org.za/content/img_parties/ICOSA.jpg,{placeholder}
Independent Communities Movement,ICMO,#00a74f,{placeholder},https://www.elections.org.za/content/img_parties/ICMO.jpg,{placeholder}
Independent Congress,{placeholder},{placeholder},{placeholder},{placeholder},{placeholder}
Independent Councillors,IC,{placeholder},{placeholder},{placeholder},{placeholder}
Independent Democrats,ID,#ef7a06,{placeholder},https://www.elections.org.za/content/img_parties/ID.jpg,{placeholder}
Independent Heritage South Party,{placeholder},{placeholder},{placeholder},{placeholder},{placeholder}
Independent Party,IP,{placeholder},{placeholder},{placeholder},{placeholder}
Independent People's Party,IPP,{placeholder},{placeholder},{placeholder},{placeholder}
Independent Ratepayers Association Of SA,IRASA,#7a99cf,{placeholder},https://www.elections.org.za/content/img_parties/IRASAEast%20Rand.jpg,{placeholder}
Independent Residents Association,{placeholder},{placeholder},{placeholder},{placeholder},{placeholder}
Independent Rural Party,IRP,#0bb54a,{placeholder},https://www.elections.org.za/content/img_parties/IRP.jpg,{placeholder}
Independent South African National Civic Organisation,ISANCO,#ffe842,{placeholder},https://www.elections.org.za/content/img_parties/ISANCO.jpg,{placeholder}
Independent Sport Party,ISP,#5d5e62,{placeholder},https://www.elections.org.za/content/img_parties/ISP.jpg,{placeholder}
Independents For Communities,INC,{placeholder},{placeholder},{placeholder},{placeholder}
Independents For Oudtshoorn,IFO,#0c0c0c,{placeholder},https://www.elections.org.za/content/img_parties/IFODC4.jpg,{placeholder}
Indigenous Democratic Revolution,IDR,#816451,{placeholder},https://www.elections.org.za/content/img_parties/IDR.jpg,{placeholder}
Indigenous People's Organisation,{placeholder},{placeholder},{placeholder},{placeholder},{placeholder}
Ingubo Yeskhethu Party,INGUBO,{placeholder},{placeholder},{placeholder},{placeholder}
Inkatha Freedom Party,IFP,#fed700,{placeholder},https://www.elections.org.za/content/img_parties/IFP.jpg,{placeholder}
International Party,INTP,#419dce,{placeholder},https://www.elections.org.za/content/img_parties/INTP.jpg,{placeholder}
International Revelation Congress,IRC,#e5c95e,{placeholder},https://www.elections.org.za/content/img_parties/IRC.jpg,{placeholder}
Inwoners Citizens' Forum,{placeholder},{placeholder},{placeholder},{placeholder},{placeholder}
Iqela Lentsango / Dagga Party,DAGGA,#4c623c,{placeholder},https://www.elections.org.za/content/img_parties/NO_ABBR650.jpg,{placeholder}
Isithunzi Som-Afrika Economic Fighters,ISTHUNZI,{placeholder},{placeholder},https://www.elections.org.za/content/img_parties/ISITHUNZIDC28.jpg,{placeholder}
Islamic Party,IP,{placeholder},{placeholder},{placeholder},{placeholder}
Izwe Lethu Party,I.L.P,#f61453,{placeholder},https://www.elections.org.za/content/img_parties/I.L.P.jpg,{placeholder}
Jansenville Klipplaat Alliansie,{placeholder},{placeholder},{placeholder},{placeholder},{placeholder}
Justice And Employment Party,JEP,#9a2329,{placeholder},https://www.elections.org.za/content/img_parties/JEP.jpg,{placeholder}
KZN Independence,KZNI,#359a58,{placeholder},https://www.elections.org.za/content/img_parties/KZNI.jpg,{placeholder}
Kaap Agulhas Civic Organisasie,KAPCO,#835d4a,{placeholder},https://www.elections.org.za/content/img_parties/KAPCOWC033.jpg,{placeholder}
Kannaland Independent Party,{placeholder},#455444,{placeholder},https://www.elections.org.za/content/img_parties/NO_ABBR1624.jpg,{placeholder}
Kareeberg Civic Movement,KCM,#5b5e7d,{placeholder},https://www.elections.org.za/content/img_parties/KCMNC074.jpg,{placeholder}
Karoo Democratic Force,KDF,#fade57,{placeholder},https://www.elections.org.za/content/img_parties/KDFWC053.jpg,{placeholder}
Karoo Gemeenskap Party,KGP,#d44240,{placeholder},https://www.elections.org.za/content/img_parties/KGPWC052.jpg,{placeholder}
Karoo Ontwikkelings Party,KOP,#906223,{placeholder},https://www.elections.org.za/content/img_parties/KOPWC051.jpg,{placeholder}
Katekani Economic Power,KEP,#8a360e,{placeholder},https://www.elections.org.za/content/img_parties/KEP.jpg,{placeholder}
Kayamandi Community Alliance,{placeholder},{placeholder},{placeholder},{placeholder},{placeholder}
Keep It Straight And Simple,KISS,#d90207,{placeholder},https://www.elections.org.za/content/img_parties/KISS.jpg,{placeholder}
Kgatelopele Community Forum,KCF,{placeholder},{placeholder},{placeholder},{placeholder}
Khai-Ma Onafhanklike Kandidate Koalisie,{placeholder},{placeholder},{placeholder},{placeholder},{placeholder}
Khanyile Party,KHANYILE,#0c4a21,{placeholder},https://www.elections.org.za/content/img_parties/KHANYILE.jpg,{placeholder}
Khayalami Residents Association,{placeholder},{placeholder},{placeholder},{placeholder},{placeholder}
Khoi-San Heavenly Party,KSHP,#d1971a,{placeholder},https://www.elections.org.za/content/img_parties/KSHPWC011.jpg,{placeholder}
Khoi-San Kingdom Of RSA,KKORSA,#ead19b,{placeholder},https://www.elections.org.za/content/img_parties/KKORSA.jpg,{placeholder}
Khoisan First Indigenous Political Party,KFIPP,#c8b6ad,{placeholder},https://www.elections.org.za/content/img_parties/KFIPP.jpg,{placeholder}
Khoisan Kingdom And All People,KKAAP,#9c5c39,{placeholder},https://www.elections.org.za/content/img_parties/KKAAP.jpg,{placeholder}
Khoisan Party,{placeholder},#ce8670,{placeholder},https://www.elections.org.za/content/img_parties/NO_ABBR583.jpg,{placeholder}
Khoisan Revolution,KSR,#fffe3f,{placeholder},https://www.elections.org.za/content/img_parties/KSR.jpg,{placeholder}
Khoisan United Movement,KUM,#86878c,{placeholder},https://www.elections.org.za/content/img_parties/KUMWC026.jpg,{placeholder}
Khowa Residents Association,K.R.A,#c1646c,{placeholder},https://www.elections.org.za/content/img_parties/K.R.AEC138.jpg,{placeholder}
Kingdom Covenant Democratic Party,KCDP,#c3472d,{placeholder},https://www.elections.org.za/content/img_parties/KCDP.jpg,{placeholder}
Kingdom Governance Movement,{placeholder},{placeholder},{placeholder},{placeholder},{placeholder}
Know Your Neighbour,KYN,#04692d,{placeholder},https://www.elections.org.za/content/img_parties/KYN.jpg,{placeholder}
Knysna Community Forum,{placeholder},{placeholder},{placeholder},{placeholder},{placeholder}
Knysna Independent Movement,KIM,#40a462,{placeholder},https://www.elections.org.za/content/img_parties/KIMWC048.jpg,{placeholder}
Knysna Social Democratic Party,KSDP,#a8363e,{placeholder},https://www.elections.org.za/content/img_parties/KSDPWC048.jpg,{placeholder}
Knysna Unity Congress,K.U.C,#edb549,{placeholder},https://www.elections.org.za/content/img_parties/K.U.CWC048.jpg,{placeholder}
Komani Progress Action,KPA,d71b06,{placeholder},https://www.elections.org.za/content/img_parties/KPA%20EC139.jpg,{placeholder}
Konserwatiewe Party/Conservative Party,KP,{placeholder},{placeholder},{placeholder},{placeholder}
Kouga 2000,{placeholder},{placeholder},{placeholder},{placeholder},{placeholder}
Kouga Civic Alliance,{placeholder},{placeholder},{placeholder},{placeholder},{placeholder}
Koukamma Independent Party,KIP,#f0be29,{placeholder},https://www.elections.org.za/content/img_parties/KIPEC109.jpg,{placeholder}
Kwa-Zulu Natal Transport Alliance,{placeholder},{placeholder},{placeholder},{placeholder},{placeholder}
Labor Party,{placeholder},{placeholder},{placeholder},{placeholder},{placeholder}
Laingsburg Gemeenskaps Party,{placeholder},{placeholder},{placeholder},{placeholder},{placeholder}
Land Claims Fighters,L.C.F,#a3a09b,{placeholder},https://www.elections.org.za/content/img_parties/L.C.FWC022.jpg,{placeholder}
Land Party,LAND,#cd4329,{placeholder},https://www.elections.org.za/content/img_parties/LAND.jpg,{placeholder}
Langerberg Independent Party,LIP,#faae9f,{placeholder},https://www.elections.org.za/content/img_parties/LIPWC026.jpg,{placeholder}
Leadership Forum,LF,#b75c3a,{placeholder},https://www.elections.org.za/content/img_parties/LF.jpg,{placeholder}
Lebaleng Communist Party,LCP,#cc4e37,{placeholder},https://www.elections.org.za/content/img_parties/LCPNW404.jpg,{placeholder}
Lebowakgomo Civic Organisation,LEBCO,#b9c694,{placeholder},https://www.elections.org.za/content/img_parties/LEBCOLIM355.jpg,{placeholder}
Leihlo la Setjhaba Rainbow,LLSR,#53485f,{placeholder},https://www.elections.org.za/content/img_parties/LLSRFS192.jpg,{placeholder}
Lekgotla For Democracy Advancement,LEKGOTLA,#5368ab,{placeholder},https://www.elections.org.za/content/img_parties/LEKGOTLA.jpg,{placeholder}
Lekwa Community Forum,LCF,#fefa45,{placeholder},https://www.elections.org.za/content/img_parties/LCFMP305.jpg,{placeholder}
Lentswe la Batho,LLB,#fde604,{placeholder},https://www.elections.org.za/content/img_parties/LLB.jpg,{placeholder}
Lepelle-Nkumpi Development Party,LNDP,#0d6f49,{placeholder},https://www.elections.org.za/content/img_parties/LNDPLIM355.jpg,{placeholder}
Lephalale Residents Party,L.R.P,#eae669,{placeholder},https://www.elections.org.za/content/img_parties/L.R.PLIM362.jpg,{placeholder}
Liberal Democratic Party,{placeholder},{placeholder},{placeholder},{placeholder},{placeholder}
Liberal Party,{placeholder},{placeholder},{placeholder},{placeholder},{placeholder}
Liberal People's Party,{placeholder},#ffffff,{placeholder},https://www.elections.org.za/content/img_parties/NO_ABBR472.jpg,{placeholder}
Liberators Party,LIB,#a52a23,{placeholder},https://www.elections.org.za/content/img_parties/LIB.jpg,{placeholder}
Light Of The Nation Christian Party,LNCP,#9c3121,{placeholder},https://www.elections.org.za/content/img_parties/LNCP.jpg,{placeholder}
Limpopo Residents Association,LIRA,#b55e67,{placeholder},https://www.elections.org.za/content/img_parties/LIRALIM332.jpg,{placeholder}
Limpopo Rural Social Activist,LIMRUSA,#1c832a,{placeholder},https://www.elections.org.za/content/img_parties/LIMRUSA.jpg,{placeholder}
Local Government Party,{placeholder},{placeholder},{placeholder},{placeholder},{placeholder}
Local People's Party,LPP,{placeholder},{placeholder},{placeholder},{placeholder}
Luso South African Party,LUSO,{placeholder},{placeholder},{placeholder},{placeholder}
Magoshi Swaranang Movement,MSM,#a18a57,{placeholder},https://www.elections.org.za/content/img_parties/MSM.jpg,{placeholder}
Makana Citizens Front,MAKANA,#90928d,{placeholder},https://www.elections.org.za/content/img_parties/NO_ABBR1649.jpg,{placeholder}
Makana Independent New Deal,MIND,{placeholder},{placeholder},{placeholder},{placeholder}
Malamulele Community Association,MCA-SA,#187138,{placeholder},https://www.elections.org.za/content/img_parties/NO_ABBR992.jpg,{placeholder}
Maletswai Civic Association,{placeholder},#6b5b1d,{placeholder},https://www.elections.org.za/content/img_parties/NO_ABBR926.jpg,{placeholder}
Mandela Bay Community Movement,MBCM,{placeholder},{placeholder},{placeholder},{placeholder}
Mangaung Community Forum,MCF,#439ecf,{placeholder},https://www.elections.org.za/content/img_parties/MCF.jpg,{placeholder}
Map 16 Civic Movement,MAP16,#556479,{placeholder},https://www.elections.org.za/content/img_parties/MAP16FS194.jpg,{placeholder}
Maruleng Community Forum,MACOF,#57857a,{placeholder},https://www.elections.org.za/content/img_parties/MACOFLIM335.jpg,{placeholder}
Mass United Movement,MUM,#f79f02,{placeholder},https://www.elections.org.za/content/img_parties/MUM.jpg,{placeholder}
Matured Democracy,MD,#576364,{placeholder},https://www.elections.org.za/content/img_parties/MD.jpg,{placeholder}
Merafong Agents Of Change,MAOC,#268040,{placeholder},https://www.elections.org.za/content/img_parties/MAOCGT484.jpg,{placeholder}
Merafong Civic Association,MECA,#d43942,{placeholder},https://www.elections.org.za/content/img_parties/MECAGT484.jpg,{placeholder}
Merit Party,{placeholder},{placeholder},{placeholder},{placeholder},{placeholder}
Metsimaholo Community Association,MCA,#1c5dad,{placeholder},https://www.elections.org.za/content/img_parties/MCAFS204.jpg,{placeholder}
Metsimaholo Progressive People Forum,MPPF,{placeholder},{placeholder},{placeholder},{placeholder}
Middelburg Residents Organisation,{placeholder},{placeholder},{placeholder},{placeholder},{placeholder}
Middelburg And Hendrina Residents Front,MHRF,#d8f0da,{placeholder},https://www.elections.org.za/content/img_parties/MHRFMP313.jpg,{placeholder}
Minorities Of South Africa,MOSA,#50a44f,{placeholder},https://www.elections.org.za/content/img_parties/MOSA.jpg,{placeholder}
Minority Front,MF,#f6d30c,{placeholder},https://www.elections.org.za/content/img_parties/MF.jpg,{placeholder}
Moderate Independent Party,MIP,#b6764a,{placeholder},https://www.elections.org.za/content/img_parties/MIP.jpg,{placeholder}
Mogalakwena Residents Association,MRA,#ed5652,{placeholder},https://www.elections.org.za/content/img_parties/MRALIM367.jpg,{placeholder}
Mookgophong Party,MOOKGOPO,#ffff61,{placeholder},https://www.elections.org.za/content/img_parties/MOOKGOPOLIM364.jpg,{placeholder}
Mopani Independent Movement,MIM,{placeholder},{placeholder},{placeholder},{placeholder}
Moqhaka Community Forum,{placeholder},#68ad43,{placeholder},https://www.elections.org.za/content/img_parties/NO_ABBR1494.jpg,{placeholder}
Moretele Independent Civic Organisation,MICO,#e6d65b,{placeholder},https://www.elections.org.za/content/img_parties/MICOMP316.jpg,{placeholder}
Moretele People's Party,MPP,{placeholder},{placeholder},{placeholder},{placeholder}
Mosselbaai Gemeenskapsforum,{placeholder},{placeholder},{placeholder},{placeholder},{placeholder}
Move,MOVE,#030035,{placeholder},https://www.elections.org.za/content/img_parties/MOVE.jpg,{placeholder}
Movemeant Of God,MMG,#68549e,{placeholder},https://www.elections.org.za/content/img_parties/MMG.jpg,{placeholder}
Movement Democratic Congress,MDC,#d14e5e,{placeholder},https://www.elections.org.za/content/img_parties/MDC.jpg,{placeholder}
Movement Democratic Party,MDP,#375f3a,{placeholder},https://www.elections.org.za/content/img_parties/MDP.jpg,{placeholder}
Movement For African Convention,MAC,#529f6d,{placeholder},https://www.elections.org.za/content/img_parties/MAC.jpg,{placeholder}
Movement For Total Liberation,MTL,#eddc4f,{placeholder},https://www.elections.org.za/content/img_parties/MTL.jpg,{placeholder}
Movement Of The People,M.P,#18191b,{placeholder},https://www.elections.org.za/content/img_parties/M.PWC052.jpg,{placeholder}
Mpumalanga Party,MP,#c16050,{placeholder},https://www.elections.org.za/content/img_parties/MPLIM472.jpg,{placeholder}
Mthatha Ratepayers And Residents Association,MRRA,#819bcf,{placeholder},https://www.elections.org.za/content/img_parties/MRRAEC157.jpg,{placeholder}
Municipal Residents Association,M.R.M,#00a200,{placeholder},https://www.elections.org.za/content/img_parties/M.R.M.jpg,{placeholder}
Musina Mutale Unified Front,MMUF,#e0963f,{placeholder},https://www.elections.org.za/content/img_parties/MMUFDC34.jpg,{placeholder}
Muslim Democratic Party (SA),M.D.P.,#0d5624,{placeholder},https://www.elections.org.za/content/img_parties/M.D.P.EKU.jpg,{placeholder}
Mzantsi People's Front,MPF,#1976bc,{placeholder},https://www.elections.org.za/content/img_parties/MPF.jpg,{placeholder}
Nala Community Forum,N.C.F,#d36939,{placeholder},https://www.elections.org.za/content/img_parties/N.C.FFS185.jpg,{placeholder}
Namakwa Civic Movement,NCM,#b6956b,{placeholder},https://www.elections.org.za/content/img_parties/NCMNC062.jpg,{placeholder}
Nasionaal Demokratiese Party / National Democratic Party,NDP,#2a7ecd,{placeholder},https://www.elections.org.za/content/img_parties/NDP.jpg,{placeholder}
National Alliance / Nasionale Aksie,{placeholder},{placeholder},{placeholder},{placeholder},{placeholder}
National Alliance For Democracy,NAD,#545258,{placeholder},https://www.elections.org.za/content/img_parties/NAD.jpg,{placeholder}
National Coalition Party/Nasionale Koalisie Party,{placeholder},{placeholder},{placeholder},{placeholder},{placeholder}
National Coloured Congress,CCC,#be143c,{placeholder},https://www.elections.org.za/content/img_parties/CCCCPT.jpg,{placeholder}
National Communist Congress,NCC,#842929,{placeholder},https://www.elections.org.za/content/img_parties/NCC.jpg,{placeholder}
National Convention Of Azania,N.C.A,#cc5f2e,{placeholder},https://www.elections.org.za/content/img_parties/N.C.A.jpg,{placeholder}
National Convention Of The People,NCP,#d5ad94,{placeholder},https://www.elections.org.za/content/img_parties/NCP.jpg,{placeholder}
National Democratic Convention,NADECO,#154c22,{placeholder},https://www.elections.org.za/content/img_parties/NADECO.jpg,{placeholder}
National Democrats,ND,#1721f3,{placeholder},https://www.elections.org.za/content/img_parties/ND.jpg,{placeholder}
National Economic Fighters,NEF,#1178b5,{placeholder},https://www.elections.org.za/content/img_parties/NEFNC061.jpg,{placeholder}
National Freedom Party,NFP,#f58f65,{placeholder},https://www.elections.org.za/content/img_parties/NFP.jpg,{placeholder}
National Independant Civic Organisation,NICO,#da7569,{placeholder},https://www.elections.org.za/content/img_parties/NICO.jpg,{placeholder}
National Independent Congress,NICSA,#6bbd47,{placeholder},https://www.elections.org.za/content/img_parties/NICSA.jpg,{placeholder}
National Independent Party,NIP,#db9f01,{placeholder},https://www.elections.org.za/content/img_parties/NIP.jpg,{placeholder}
National Party,NP,{placeholder},{placeholder},{placeholder},{placeholder}
National Party South Africa,N.P,#5266a3,{placeholder},https://www.elections.org.za/content/img_parties/n.p.jpg,{placeholder}
National People's Ambassadors,NPA,#1e6e55,{placeholder},https://www.elections.org.za/content/img_parties/NPA.jpg,{placeholder}
National People's Front,NAPF,#32522d,{placeholder},https://www.elections.org.za/content/img_parties/NAPF.jpg,{placeholder}
National People's Party,NPP,#1b2689,{placeholder},https://www.elections.org.za/content/img_parties/NPP.jpg,{placeholder}
National Progressive Movement,NPM,#c00000,{placeholder},https://www.elections.org.za/content/img_parties/NPM.jpg,{placeholder}
National Religious Freedom Party,NRFP,#d04653,{placeholder},https://www.elections.org.za/content/img_parties/NRFP.jpg,{placeholder}
National Republican Party,{placeholder},{placeholder},{placeholder},{placeholder},{placeholder}
National United People's Organisation,{placeholder},{placeholder},{placeholder},{placeholder},{placeholder}
Nationalist Coloured Party Of South Africa,NCPSA,#b3346e,{placeholder},https://www.elections.org.za/content/img_parties/NCPSA.jpg,{placeholder}
Nehemiah Rebuilding Cities,NRC,#7f443e,{placeholder},https://www.elections.org.za/content/img_parties/NRCLIM366.jpg,{placeholder}
New African Congress For Solar Libearation,NAC,#fefda0,{placeholder},https://www.elections.org.za/content/img_parties/NAC.jpg,{placeholder}
New Daw Democratic Party,NDDP,#efc646,{placeholder},https://www.elections.org.za/content/img_parties/NDDP.jpg,{placeholder}
New Generation Party,NGP,#bd953d,{placeholder},https://www.elections.org.za/content/img_parties/NGP.jpg,{placeholder}
New Horizon Movement,NHM,#f49d01,{placeholder},https://www.elections.org.za/content/img_parties/NHMGT421.jpg,{placeholder}
New Labour Party,NL,#607dbf,{placeholder},https://www.elections.org.za/content/img_parties/NO_ABBR253.jpg,{placeholder}
New National Party / Nuwe Nasionale Party,NNP,#081061,{placeholder},https://www.elections.org.za/content/img_parties/NNP.jpg,{placeholder}
New South Africa Party,NEWSA,#caa087,{placeholder},https://www.elections.org.za/content/img_parties/NEWSA.jpg,{placeholder}
New Vision Party,NVP,#c55841,{placeholder},https://www.elections.org.za/content/img_parties/NVP.jpg,{placeholder}
Ngwathe Residents Association,NRA,#053c75,{placeholder},https://www.elections.org.za/content/img_parties/NRAFS203.jpg,{placeholder}
Noordwes Forum,{placeholder},{placeholder},{placeholder},{placeholder},{placeholder}
Northern Alliance,NA,{placeholder},{placeholder},{placeholder},{placeholder}
Northern Cape Communities Movement,NCCM,#7a1b06,{placeholder},https://www.elections.org.za/content/img_parties/NCCM.jpg,{placeholder}
Nxuba Community Organisation,{placeholder},{placeholder},{placeholder},{placeholder},{placeholder}
Onafhanklike Munisipale Kiesersforum,{placeholder},{placeholder},{placeholder},{placeholder},{placeholder}
One Movement For Cape Town,OMCPT,#e9c359,{placeholder},https://www.elections.org.za/content/img_parties/OMCPTCPT.jpg,{placeholder}
Operation Dudula,O.D,#1b3b00,{placeholder},https://www.elections.org.za/content/img_parties/O.D.jpg,{placeholder}
Operation Khanyisa Movement,OKM,#ec907b,{placeholder},https://www.elections.org.za/content/img_parties/OKMJHB.jpg,{placeholder}
Organic Humanity Movement,OHM,#158551,{placeholder},https://www.elections.org.za/content/img_parties/OHM.jpg,{placeholder}
Organisation For Democracy And Freedom,ODF,#f0ca37,{placeholder},https://www.elections.org.za/content/img_parties/ODF.jpg,{placeholder}
Ou Pacaltsdorp Inwoners Vereniging,{placeholder},{placeholder},{placeholder},{placeholder},{placeholder}
Oudtshoorn Aksie 2000,{placeholder},{placeholder},{placeholder},{placeholder},{placeholder}
Oudtshoorn Civic Association,{placeholder},{placeholder},{placeholder},{placeholder},{placeholder}
Oudtshoorn Gemeenskap Inisiatief,OGI,#7a437c,{placeholder},https://www.elections.org.za/content/img_parties/OGIWC045.jpg,{placeholder}
Our City Matters,OCM,#cc717e,{placeholder},https://www.elections.org.za/content/img_parties/OCMNW373.jpg,{placeholder}
Our Nation,ON,#d76b2d,{placeholder},https://www.elections.org.za/content/img_parties/ON.jpg,{placeholder}
Owethu Residents Organisation,{placeholder},{placeholder},{placeholder},{placeholder},{placeholder}
Palmridge Community Forum,PALCOF,#0f7e49,{placeholder},https://www.elections.org.za/content/img_parties/PALCOFEKU.jpg,{placeholder}
Pan Africanist Congress Of Azania,PAC,#fbc422,{placeholder},https://www.elections.org.za/content/img_parties/PAC.jpg,{placeholder}
Pan Africanist Movement,PAM,#629459,{placeholder},https://www.elections.org.za/content/img_parties/PAM.jpg,{placeholder}
Pan Africanist Socialist Movement Of Azania,PASMA,#4e5043,{placeholder},https://www.elections.org.za/content/img_parties/PASMA.jpg,{placeholder}
Party Of Action,POA,#ffffff,{placeholder},https://www.elections.org.za/content/img_parties/POA.jpg,{placeholder}
Patriotic Alliance,PA,#62a076,{placeholder},https://www.elections.org.za/content/img_parties/PA.jpg,{placeholder}
Patriotic Association Of South Africa,PASA,#1a693a,{placeholder},https://www.elections.org.za/content/img_parties/PASA.jpg,{placeholder}
Patriotic Front Of Azania,PSA,{placeholder},{placeholder},{placeholder},{placeholder}
Patriotic Movement Of South Africa,PAMSA,#f4bf64,{placeholder},https://www.elections.org.za/content/img_parties/PAMSA.jpg,{placeholder}
Peace,PEACE,#0f559b,{placeholder},https://www.elections.org.za/content/img_parties/NO_ABBR963.jpg,{placeholder}
Peace And Development Party,PDP,#fef323,{placeholder},https://www.elections.org.za/content/img_parties/PDP.jpg,{placeholder}
Peace And Justice Congress,PJC,#dd7e7c,{placeholder},https://www.elections.org.za/content/img_parties/PJC.jpg,{placeholder}
Pension Poverty Relief And Unemployment Front,{placeholder},{placeholder},{placeholder},{placeholder},{placeholder}
People's African Party,P.A.P.,#d67870,{placeholder},https://www.elections.org.za/content/img_parties/P.A.P..jpg,{placeholder}
People's Alliance,{placeholder},{placeholder},{placeholder},{placeholder},{placeholder}
People's Civic Organisation,P.C.O,#89b4e9,{placeholder},https://www.elections.org.za/content/img_parties/P.C.O.jpg,{placeholder}
People's Democratic Movement,PDM,#d3792b,{placeholder},https://www.elections.org.za/content/img_parties/PDM.jpg,{placeholder}
People's Democratic Party,{placeholder},{placeholder},{placeholder},{placeholder},{placeholder}
People's Forum,{placeholder},{placeholder},{placeholder},{placeholder},{placeholder}
People's Freedom Party,PFP,#05753d,{placeholder},https://www.elections.org.za/content/img_parties/PFP.jpg,{placeholder}
People's Liberation Party,{placeholder},{placeholder},{placeholder},{placeholder},{placeholder}
People's Movement,PEMO,#5c264a,{placeholder},https://www.elections.org.za/content/img_parties/PEMOFS204.jpg,{placeholder}
People's Movement For Change,{placeholder},{placeholder},{placeholder},{placeholder},{placeholder}
People's Progressive Party,{placeholder},{placeholder},{placeholder},{placeholder},{placeholder}
People's Republic Of South Africa,PROSA,#115b36,{placeholder},https://www.elections.org.za/content/img_parties/PROSA.jpg,{placeholder}
People's Revolutionary Movement,PRM,#2f9961,{placeholder},https://www.elections.org.za/content/img_parties/PRM.jpg,{placeholder}
People's Umbrella Movement,PUM,#07a151,{placeholder},https://www.elections.org.za/content/img_parties/PUMWC034.jpg,{placeholder}
Phalaborwa Front,PF,#5d6265,{placeholder},https://www.elections.org.za/content/img_parties/PFLIM334.jpg,{placeholder}
Phokwane Service Delivery Forum,PSDF,#d18981,{placeholder},https://www.elections.org.za/content/img_parties/PSDFNC094.jpg,{placeholder}
Phumelela Ratepayers' Association,{placeholder},#FFFFFF,{placeholder},https://www.elections.org.za/content/img_parties/NO_ABBR241.jpg,{placeholder}
Plaaslike Besorgde Inwoners,PBI,#336967,{placeholder},https://www.elections.org.za/content/img_parties/PBIWC044.jpg,{placeholder}
Plett Democratic Congress,PDC,{placeholder},{placeholder},https://www.elections.org.za/content/img_parties/PDCW047.jpg,{placeholder}
Plettenberg Bay Community Forum,{placeholder},{placeholder},{placeholder},{placeholder},{placeholder}
Poelano Revelation Party,PRP,#bfddf9,{placeholder},https://www.elections.org.za/content/img_parties/PRP.jpg,{placeholder}
Pongola People's Party,PPP,#3d4c4b,{placeholder},https://www.elections.org.za/content/img_parties/PPP.jpg,{placeholder}
Postmasburg-Olifantshoek Residents Association,{placeholder},{placeholder},{placeholder},{placeholder},{placeholder}
Potchefstroom Inwonersvereniging,{placeholder},{placeholder},{placeholder},{placeholder},{placeholder}
Power Of Africans Unity,PAU,#fffc62,{placeholder},https://www.elections.org.za/content/img_parties/PAU.jpg,{placeholder}
Prem People's Agenda,PREM,#f17a72,{placeholder},https://www.elections.org.za/content/img_parties/PREM.jpg,{placeholder}
Pro Ratepayers Party Pro Belastingbetalers Party,{placeholder},{placeholder},{placeholder},{placeholder},{placeholder}
Pro-Death Penalty Party,PRO,#3c3c3c,{placeholder},https://www.elections.org.za/content/img_parties/NO_ABBR268.jpg,{placeholder}
Progress,PROGRESS,#019f01,{placeholder},https://www.elections.org.za/content/img_parties/PROGRESS.jpg,{placeholder}
Progressive Change,PC,#1a7112,{placeholder},https://www.elections.org.za/content/img_parties/PC.jpg,{placeholder}
Progressive Community Movement,PCM,#1683c4,{placeholder},https://www.elections.org.za/content/img_parties/PCMDC12.jpg,{placeholder}
Progressive Front Of South Africa,PFSA,#26a652,{placeholder},https://www.elections.org.za/content/img_parties/PFSAEC139.jpg,{placeholder}
Progressive Independent Movement,{placeholder},{placeholder},{placeholder},{placeholder},{placeholder}
Progressive Party For Africa,PPA,#e8ac60,{placeholder},https://www.elections.org.za/content/img_parties/PPA.jpg,{placeholder}
Prophetic Movement Army,PMA,{placeholder},{placeholder},{placeholder},{placeholder}
Radical Solidarity Congress,RSC,#309067,{placeholder},https://www.elections.org.za/content/img_parties/RSC.jpg,{placeholder}
Rainbow Colours Matters,R.C.M.,#904882,{placeholder},https://www.elections.org.za/content/img_parties/R.C.M..jpg,{placeholder}
Rainbow People's Movement,RPM,#2c67b3,{placeholder},https://www.elections.org.za/content/img_parties/RPMNMA.jpg,{placeholder}
Randfontein People's Party,R.P.P,#e34f4d,{placeholder},https://www.elections.org.za/content/img_parties/R.P.PGT482.jpg,{placeholder}
Ratepayers And Residents Party Simunye,{placeholder},{placeholder},{placeholder},{placeholder},{placeholder}
Rebuild South Africa,REBUILD,#f0c961,{placeholder},https://www.elections.org.za/content/img_parties/REBUILD.jpg,{placeholder}
Referendum Party,RP,#0a195b,{placeholder},https://www.elections.org.za/content/img_parties/RP.jpg,{placeholder}
Regte Party/Right Party,RP,{placeholder},{placeholder},{placeholder},{placeholder}
Reikemetse Dikgabo Party,RDPP,#2f9611,{placeholder},https://www.elections.org.za/content/img_parties/RDPP.jpg,{placeholder}
Republican Conference Of Tshwane,RC,#faf1ec,{placeholder},https://www.elections.org.za/content/img_parties/RCTSH.jpg,{placeholder}
Republican Party Of South Africa,RPSA,#9d6b7a,{placeholder},https://www.elections.org.za/content/img_parties/RPSA.jpg,{placeholder}
Residence Association Of South Africa,REAOSA,#2388c0,{placeholder},https://www.elections.org.za/content/img_parties/REAOSA.jpg,{placeholder}
Revolutionary Democratic Patriots,RDP,#c1d0ec,{placeholder},https://www.elections.org.za/content/img_parties/RDP.jpg,{placeholder}
Rise Mzansi,RISE,#000000,{placeholder},https://www.elections.org.za/content/img_parties/RISE%20.jpg,{placeholder}
Rise Up Africa / Tsoga Africa,RUA,#a7c3ce,{placeholder},https://www.elections.org.za/content/img_parties/RUA.jpg,{placeholder}
Rising Of Sons Christian party,ROS,#f2d93f,{placeholder},https://www.elections.org.za/content/img_parties/ROS.jpg,{placeholder}
Royal Loyal Progress,RLP,#ffffff,{placeholder},https://www.elections.org.za/content/img_parties/RLP.jpg,{placeholder}
Rustenburg People's Party,RPP,#e13334,{placeholder},https://www.elections.org.za/content/img_parties/RPPDC37.jpg,{placeholder}
Saamstaan Suid-Afrika,ISASSA,#d5d494,{placeholder},https://www.elections.org.za/content/img_parties/ISASSA.jpg,{placeholder}
Sakhile-Together,{placeholder},{placeholder},{placeholder},{placeholder},{placeholder}
Sakhisizwe Convention,S.C.,#ae843a,{placeholder},https://www.elections.org.za/content/img_parties/S.C..jpg,{placeholder}
Sakhisizwe Progressive Movement,SAPROMO,{placeholder},{placeholder},{placeholder},{placeholder}
Saldanha Bay Residents Alliance,SRA-SIA,#45a3e9,{placeholder},https://www.elections.org.za/content/img_parties/SRA-SIAWC014.jpg,{placeholder}
Save Ditsobotla Movement,{placeholder},#0b7dbc,{placeholder},https://www.elections.org.za/content/img_parties/NO_ABBR1710.jpg,{placeholder}
Save Madibeng,SM,#67a750,{placeholder},https://www.elections.org.za/content/img_parties/SMNW372.jpg,{placeholder}
Save Tsantsabane Coalition,STC,#c74932,{placeholder},https://www.elections.org.za/content/img_parties/STCNC085.jpg,{placeholder}
Sayco Gondwe Civic Movement,SGCM,#2ca667,{placeholder},https://www.elections.org.za/content/img_parties/SGCMMP311.jpg,{placeholder}
Scara Civic Party,{placeholder},{placeholder},{placeholder},{placeholder},{placeholder}
Sekhukhune Congress,SC,#70c595,{placeholder},https://www.elections.org.za/content/img_parties/SC.jpg,{placeholder}
Service Delivery Movement,SDM,#f1df65,{placeholder},https://www.elections.org.za/content/img_parties/SDMEC101.jpg,{placeholder}
Service Delivery Organisation,SDO,#048041,{placeholder},https://www.elections.org.za/content/img_parties/SDOEC101.jpg,{placeholder}
Service For All,SFA,#b1b141,{placeholder},https://www.elections.org.za/content/img_parties/SFALIM343.jpg,{placeholder}
Service To Our People's Party,STOPP,#bb242b,{placeholder},https://www.elections.org.za/content/img_parties/STOPPWC012.jpg,{placeholder}
Setsoto Service Delivery Forum,SSDF,{placeholder},{placeholder},{placeholder},{placeholder}
Shosholoza Progressive Party,SHOSH,#fdfdfd,{placeholder},https://www.elections.org.za/content/img_parties/SHOSH.jpg,{placeholder}
Sibanye Civic Association,{placeholder},{placeholder},{placeholder},{placeholder},{placeholder}
Simunye In Christ Organisation,{placeholder},{placeholder},{placeholder},{placeholder},{placeholder}
Sindawonye Progressive Party,SPP,#fff217,{placeholder},https://www.elections.org.za/content/img_parties/SPP.jpg,{placeholder}
Singukukhanya Kwezwe Christian Party,SKCP,#378ed1,{placeholder},https://www.elections.org.za/content/img_parties/SKCPMP307.jpg,{placeholder}
Siyabuswa Residents Organisation,SIYARO,#c24646,{placeholder},https://www.elections.org.za/content/img_parties/SIYAROMP316.jpg,{placeholder}
Siyathemba Community Movement,SGB,#2eb24c,{placeholder},https://www.elections.org.za/content/img_parties/SGBDC7.jpg,{placeholder}
Sizwe Ummah Nation,SUN,#0055a0,{placeholder},https://www.elections.org.za/content/img_parties/SUN.jpg,{placeholder}
Small-Farm Resident Association,{placeholder},{placeholder},{placeholder},{placeholder},{placeholder}
Social Democratic Party,SDP,#bc4129,{placeholder},https://www.elections.org.za/content/img_parties/SDP.jpg,{placeholder}
Social Justice Party Of Africa,SOJUPAA,#0e5ba9,{placeholder},https://www.elections.org.za/content/img_parties/SOJUPAA.jpg,{placeholder}
Socialist Agenda Of Dispossessed Africans,SADA,#4d9c41,{placeholder},https://www.elections.org.za/content/img_parties/SADALIM476.jpg,{placeholder}
Socialist Civic Movement,SCM,#ce693f,{placeholder},https://www.elections.org.za/content/img_parties/SCMMP306.jpg,{placeholder}
Socialist Economic Freedom Movement,SEFM,#c54542,{placeholder},https://www.elections.org.za/content/img_parties/SEFMGT423.jpg,{placeholder}
Socialist Green Coalition,SGC,#000000,{placeholder},https://www.elections.org.za/content/img_parties/SGC.jpg,{placeholder}
Socialist Party Of South Africa,SPSA,#db6b69,{placeholder},https://www.elections.org.za/content/img_parties/SPSA.jpg,{placeholder}
Socialist Radical Change,SRC,#cb4633,{placeholder},https://www.elections.org.za/content/img_parties/SRC.jpg,{placeholder}
Socialist Revolutionary Workers Party,SRWP,#fffe51,{placeholder},https://www.elections.org.za/content/img_parties/SRWP.jpg,{placeholder}
Sol-Plaatjie Service Delivery Forum,SPSFD,{placeholder},{placeholder},{placeholder},{placeholder}
Solidarity Party,{placeholder},{placeholder},{placeholder},{placeholder},{placeholder}
Soshanguve Civic Association,{placeholder},{placeholder},{placeholder},{placeholder},{placeholder}
South Africa Civics,{placeholder},{placeholder},{placeholder},{placeholder},{placeholder}
South Africa My Home Residents Association,SAHRA,#fdf572,{placeholder},https://www.elections.org.za/content/img_parties/SAHRA.jpg,{placeholder}
South Africa People's Party,S.AH.P.P,#009bef,{placeholder},https://www.elections.org.za/content/img_parties/S.AH.P.P.jpg,{placeholder}
South Africa Vuka Movement,SAVUMO,#ecb756,{placeholder},https://www.elections.org.za/content/img_parties/SAVUMOKZN282.jpg,{placeholder}
South Africa Of Africa as One,SAFAAO,{placeholder},{placeholder},{placeholder},{placeholder}
South African Christian Movement,SACM,{placeholder},{placeholder},https://www.elections.org.za/content/img_parties/SACAMLIM366.jpg,{placeholder}
South African Communist Party,SACP,#e63a38,{placeholder},https://www.elections.org.za/content/img_parties/SACP.jpg,{placeholder}
South African Community Safety Association,SACSA,#7497c1,{placeholder},https://www.elections.org.za/content/img_parties/SACSAMAN.jpg,{placeholder}
South African Concerned Residents Organisation 4 Service Delivery,SACRO4SD,#a35853,{placeholder},https://www.elections.org.za/content/img_parties/SACRO4SD.jpg,{placeholder}
South African Democratic Congress,{placeholder},{placeholder},{placeholder},{placeholder},{placeholder}
South African Determined Volunteers,SaDev,#1a6b6e,{placeholder},https://www.elections.org.za/content/img_parties/SaDevKZ252.jpg,{placeholder}
South African Economic Congress,SAEC,#98cbde,{placeholder},https://www.elections.org.za/content/img_parties/SAEC.jpg,{placeholder}
South African First,SAF,#79c1f4,{placeholder},https://www.elections.org.za/content/img_parties/SAF.jpg,{placeholder}
South African Maintenance And Estate Beneficiaries Association,SAMEBA,#faf908,{placeholder},https://www.elections.org.za/content/img_parties/SAMEBA.jpg,{placeholder}
South African National Congress Of Traditional Authorities,{placeholder},{placeholder},{placeholder},{placeholder},{placeholder}
South African People For Equality,SHAPE,#515554,{placeholder},https://www.elections.org.za/content/img_parties/SHAPE.jpg,{placeholder}
South African People's Democratic Party,SAPDP,#c23f44,{placeholder},https://www.elections.org.za/content/img_parties/SAPDP.jpg,{placeholder}
South African People's Movement,SAPM,#893456,{placeholder},https://www.elections.org.za/content/img_parties/SAPM.jpg,{placeholder}
South African Political Alliance,SAPFA,#f9ed04,{placeholder},https://www.elections.org.za/content/img_parties/SAFPA.jpg,{placeholder}
South African Political Association,SAPA,#4571b8,{placeholder},https://www.elections.org.za/content/img_parties/SAPA.jpg,{placeholder}
South African Political Party,SAPP,#edb0bf,{placeholder},https://www.elections.org.za/content/img_parties/SAPP.jpg,{placeholder}
South African Progressive Civic Organisation,SAPCO,#fd902c,{placeholder},https://www.elections.org.za/content/img_parties/SAPCO.jpg,{placeholder}
South African Rainbow Alliance,SARA,#415b3d,{placeholder},https://www.elections.org.za/content/img_parties/SARA.jpg,{placeholder}
South African Religious Civic Organisation,SARCO,#e6b77f,{placeholder},https://www.elections.org.za/content/img_parties/SARCOWC045.jpg,{placeholder}
South African Royal Kingdoms Organisation,SARKO,#91893e,{placeholder},https://www.elections.org.za/content/img_parties/SARKO.jpg,{placeholder}
South African Security Organisation,SASO,#495654,{placeholder},https://www.elections.org.za/content/img_parties/SASO.jpg,{placeholder}
South African Taxi And Transport Alliance,TAXI,#dd813c,{placeholder},https://www.elections.org.za/content/img_parties/TAXI.jpg,{placeholder}
South African United National Democratic Front,SAUNDF,#f8f600,{placeholder},https://www.elections.org.za/content/img_parties/SAUNDF.jpg,{placeholder}
South African United Party,SAUP,#47ca26,{placeholder},https://www.elections.org.za/content/img_parties/SAUP.jpg,{placeholder}
South African Woman's Party,SAWP,{placeholder},{placeholder},{placeholder},{placeholder}
South African Youth Power Party,SAY,#d73838,{placeholder},https://www.elections.org.za/content/img_parties/SAY%20DC45.jpg,{placeholder}
South Cape Community Forum,{placeholder},{placeholder},{placeholder},{placeholder},{placeholder}
Spectrum National Party,SNP,#d65e44,{placeholder},https://www.elections.org.za/content/img_parties/SNP.jpg,{placeholder}
Sport Organisation For Collective Contributions And Equal Rights,SOCCER,{placeholder},{placeholder},{placeholder},{placeholder}
Stellenbosch Civic Association,{placeholder},{placeholder},{placeholder},{placeholder},{placeholder}
Stellenbosch People's Alliance,{placeholder},{placeholder},{placeholder},{placeholder},{placeholder}
Sterkspruit Civic Association,CIVIC,#fffb36,{placeholder},https://www.elections.org.za/content/img_parties/CIVIC.jpg,{placeholder}
Sterkspruit Development Forum,SDF,{placeholder},{placeholder},{placeholder},{placeholder}
Strength Of Humanity,SOH,#f6fa94,{placeholder},https://www.elections.org.za/content/img_parties/SOHKZN213.jpg,{placeholder}
Studente Stem Party,{placeholder},{placeholder},{placeholder},{placeholder},{placeholder}
Suid - Kaap Saamstaan,{placeholder},#ebae6f,{placeholder},https://www.elections.org.za/content/img_parties/NO_ABBR1597.jpg,{placeholder}
Sunrise Park Protea City And Greenside Residents Association,{placeholder},{placeholder},{placeholder},{placeholder},{placeholder}
Tax And Rates Payers Association,TRPA,#0536be,{placeholder},https://www.elections.org.za/content/img_parties/TRPAFS204.jpg,{placeholder}
Team Sugar South Africa,TSSA,#ebc644,{placeholder},https://www.elections.org.za/content/img_parties/TSSA.jpg,{placeholder}
Thabanorth Inwonersvereniging,{placeholder},{placeholder},{placeholder},{placeholder},{placeholder}
Thabazimbi Forum For Service Delivery,TFSD,#804840,{placeholder},https://www.elections.org.za/content/img_parties/TFSDLIM361.jpg,{placeholder}
Thabazimbi Residents Association,TRA,#cd5233,{placeholder},https://www.elections.org.za/content/img_parties/TRALIM361.jpg,{placeholder}
The Cape People's Congress,{placeholder},{placeholder},{placeholder},{placeholder},{placeholder}
The Employment Movement Of South Africa,EMSA,#369259,{placeholder},https://www.elections.org.za/content/img_parties/EMSA.jpg,{placeholder}
The Government By The People Green Party,{placeholder},{placeholder},{placeholder},{placeholder},{placeholder}
The Green Party Of South Africa,GPGP,#4c4e53,{placeholder},https://www.elections.org.za/content/img_parties/GPGP.jpg,{placeholder}
The Greens,{placeholder},#3a922a,{placeholder},https://www.elections.org.za/content/img_parties/NO_ABBR1126.jpg,{placeholder}
The House Of Independents,THI,#5f3081,{placeholder},https://www.elections.org.za/content/img_parties/THI.jpg,{placeholder}
The Independents,{placeholder},#6c02d4,{placeholder},https://www.elections.org.za/content/img_parties/NO_ABBR1636.jpg,{placeholder}
The Nationals Of South Africa,NSA,#228b64,{placeholder},https://www.elections.org.za/content/img_parties/NSA.jpg,{placeholder}
The Organisation Party,{placeholder},{placeholder},{placeholder},{placeholder},{placeholder}
The People's Agenda,TPA,#c54633,{placeholder},https://www.elections.org.za/content/img_parties/TPA.jpg,{placeholder}
The People's Independent Civic Organisation,TPICO,#ede063,{placeholder},https://www.elections.org.za/content/img_parties/TPICO.jpg,{placeholder}
The People's Movement,TPM,#000000,{placeholder},https://www.elections.org.za/content/img_parties/TPMCPT.jpg,{placeholder}
The People's Voice,TPV,#e59769,{placeholder},https://www.elections.org.za/content/img_parties/VTSH.jpg,{placeholder}
The Promise Of Freedom,T.P.F.,#f0d13b,{placeholder},https://www.elections.org.za/content/img_parties/T.P.F..jpg,{placeholder}
The Real Congress,{placeholder},{placeholder},{placeholder},{placeholder},{placeholder}
The Socialist Party Of Azania,SOPA,#f8e000,{placeholder},https://www.elections.org.za/content/img_parties/SOPA.jpg,{placeholder}
Thembelihle Masibambane Civic Organisation,{placeholder},{placeholder},{placeholder},{placeholder},{placeholder}
Thembisa Concerned Residents Association,TECRA,#f7f5e6,{placeholder},https://www.elections.org.za/content/img_parties/TECRA.jpg,{placeholder}
Tikwana Youth Power,TYP,#bc545b,{placeholder},https://www.elections.org.za/content/img_parties/TYMGT422.jpg,{placeholder}
Transformative Youth Movement,TYM,{placeholder},{placeholder},{placeholder},{placeholder}
Transforming Drakenstein Community Forum,TDC FORUM,{placeholder},{placeholder},https://www.elections.org.za/content/img_parties/TDC%20FORUMWC023.jpg,{placeholder}
True Freedom Party,TFP,#388eaf,{placeholder},https://www.elections.org.za/content/img_parties/TFP.jpg,{placeholder}
Truly Alliance,TA,#cc3e32,{placeholder},https://www.elections.org.za/content/img_parties/TA.jpg,{placeholder}
Tsantsabane Community Forum,{placeholder},{placeholder},{placeholder},{placeholder},{placeholder}
Tshwaranang Civic Organisation,{placeholder},{placeholder},{placeholder},{placeholder},{placeholder}
Tsogang Civic Movement,TSOGANG,#fc0104,{placeholder},https://www.elections.org.za/content/img_parties/TSOGANGNW371.jpg,{placeholder}
Tubatse Fetakgomo Radical Actions,TUFERA,#1d3251,{placeholder},https://www.elections.org.za/content/img_parties/TUFERALIM476.jpg,{placeholder}
Tzaneen Freedom Party,{placeholder},{placeholder},{placeholder},{placeholder},{placeholder}
Ubumbano Lwesizwe Independent Residence Association,{placeholder},{placeholder},{placeholder},{placeholder},{placeholder}
Ubumbano Lwesizwe Sabangoni,{placeholder},{placeholder},{placeholder},{placeholder},{placeholder}
Ubuntu Party,UBUNTU,#2a3d54,{placeholder},https://www.elections.org.za/content/img_parties/UBUNTUMP314.jpg,{placeholder}
Umhlaba Uhlangene People's United Nations,{placeholder},{placeholder},{placeholder},{placeholder},{placeholder}
Umkhonto Wesizwe,M.K.,#5fb446,{placeholder},https://www.elections.org.za/content/img_parties_temp/M.K.jpg,{placeholder}
Umnotho Democratic Front,UDF,#3b3c2c,{placeholder},https://www.elections.org.za/content/img_parties/UDF.jpg,{placeholder}
Umsobomvu Residents Association,URA,#1d2840,{placeholder},https://www.elections.org.za/content/img_parties/URANC072.jpg,{placeholder}
Unemployed People's Association,U.M.P.A.,{placeholder},{placeholder},{placeholder},{placeholder}
Unemployment Labour Alliance,ULA,#f18e73,{placeholder},https://www.elections.org.za/content/img_parties/ULA.jpg,{placeholder}
Unemployment Movement SA,UMSA,#ae645a,{placeholder},https://www.elections.org.za/content/img_parties/UMSA.jpg,{placeholder}
United Action Front,{placeholder},{placeholder},{placeholder},{placeholder},{placeholder}
United Africans Transformation,UAT,#363362,{placeholder},https://www.elections.org.za/content/img_parties/UAT.jpg,{placeholder}
United Christian Democratic Party,UCDP,#32916a,{placeholder},https://www.elections.org.za/content/img_parties/UCDP.jpg,{placeholder}
United Community Front,UCF,#503b80,{placeholder},https://www.elections.org.za/content/img_parties/UCFWC052.jpg,{placeholder}
United Community Independent Party,{placeholder},{placeholder},{placeholder},{placeholder},{placeholder}
United Congress,UNICO,#429169,{placeholder},https://www.elections.org.za/content/img_parties/UNICO.jpg,{placeholder}
United Constructive Party,U.C.P,#aadda2,{placeholder},https://www.elections.org.za/content/img_parties/U.C.PMP313.jpg,{placeholder}
United Cultural Movement,UCM,#dea574,{placeholder},https://www.elections.org.za/content/img_parties/UCM.jpg,{placeholder}
United Democratic Movement,UDM,#fed700,{placeholder},https://www.elections.org.za/content/img_parties/UDM.jpg,{placeholder}
United Democrats,UD,#000103,{placeholder},https://www.elections.org.za/content/img_parties/UD.jpg,{placeholder}
United Franschhoek Valley,UFV,#544485,{placeholder},https://www.elections.org.za/content/img_parties/UFVWC024.jpg,{placeholder}
United Front,{placeholder},{placeholder},{placeholder},{placeholder},{placeholder}
United Front Of Civics,UFC,#fbfeaa,{placeholder},https://www.elections.org.za/content/img_parties/UFC.jpg,{placeholder}
United Front Of The Eastern Cape,UFEC,#5e984a,{placeholder},https://www.elections.org.za/content/img_parties/UFEC.jpg,{placeholder}
United Independent Front,UIF,#ece46a,{placeholder},https://www.elections.org.za/content/img_parties/UIF.jpg,{placeholder}
United Independent Movement,UIM,#373d4b,{placeholder},https://www.elections.org.za/content/img_parties/UIM.jpg,{placeholder}
United Majority Front,{placeholder},{placeholder},{placeholder},{placeholder},{placeholder}
United Party,UP,#326038,{placeholder},https://www.elections.org.za/content/img_parties/UPEC155.jpg,{placeholder}
United Party Of South Africa,{placeholder},{placeholder},{placeholder},{placeholder},{placeholder}
United People Of South Africa,UPSA,#c53538,{placeholder},https://www.elections.org.za/content/img_parties/UPSA.jpg,{placeholder}
United People's Front,UPF,#e6903d,{placeholder},https://www.elections.org.za/content/img_parties/UPF.jpg,{placeholder}
United People's Party,UPP,#af9d44,{placeholder},https://www.elections.org.za/content/img_parties/UPP.jpg,{placeholder}
United Progressive Party South Africa,UPROPSA,#2c318e,{placeholder},https://www.elections.org.za/content/img_parties/UPROPSA.jpg,{placeholder}
United Residents Front,URF,#bb3a3f,{placeholder},https://www.elections.org.za/content/img_parties/URF.jpg,{placeholder}
United South Africa,USA,#05953e,{placeholder},https://www.elections.org.za/content/img_parties/USA.jpg,{placeholder}
Uniting People First,UPF,#e6903d,{placeholder},https://www.elections.org.za/content/img_parties/UPF.jpg,{placeholder}
Universal Civics Of South Africa,UCOSA,#d96047,{placeholder},https://www.elections.org.za/content/img_parties/NOABBR580.jpg,{placeholder}
Universal Party,{placeholder},{placeholder},{placeholder},{placeholder},{placeholder}
Us The People,US,#0a0d0b,{placeholder},https://www.elections.org.za/content/img_parties/US.jpg,{placeholder}
Vaal Alternative Alliance Lekgotla,VAAL,#106158,{placeholder},https://www.elections.org.za/content/img_parties/VAALDC42.jpg,{placeholder}
Vaal River City Democratic Movement,VDM,#3f5ed8,{placeholder},https://www.elections.org.za/content/img_parties/VDMDC42.jpg,{placeholder}
Value Education Nationalism Democracy In Africa,VENDA,#05538f,{placeholder},https://www.elections.org.za/content/img_parties/VENDA.jpg,{placeholder}
Verenigde Gemeenskap Organisasie,{placeholder},{placeholder},{placeholder},{placeholder},{placeholder}
Vision/Visie 2000+,{placeholder},#001a7e,{placeholder},https://www.elections.org.za/content/img_parties/NO_ABBR185.jpg,{placeholder}
Voice Of Independents Party,{placeholder},{placeholder},{placeholder},{placeholder},{placeholder}
Voice Of The Word,VOW,#12306e,{placeholder},https://www.elections.org.za/content/img_parties/VOWMP326.jpg,{placeholder}
Voter's Independent Party SA,VISA,#ecce80,{placeholder},https://www.elections.org.za/content/img_parties/VISA.jpg,{placeholder}
Vryheidsfront/Freedom Front,VV-FF,{placeholder},{placeholder},{placeholder},{placeholder}
Vryheidsfront Plus,VF PLUS,#127f3e,{placeholder},https://www.elections.org.za/content/img_parties/VF%20Plus.jpg,{placeholder}
Vukani Utrecht Ratepayers Association,{placeholder},{placeholder},{placeholder},{placeholder},{placeholder}
Wes-Kaap Federaliste Party,WKFP,{placeholder},{placeholder},{placeholder},{placeholder}
Western Cape Community,WCC,#49275e,{placeholder},https://www.elections.org.za/content/img_parties/WCCWCDMA02.jpg,{placeholder}
Western Province Party,WPP,#0059b1,{placeholder},https://www.elections.org.za/content/img_parties/WPP.jpg,{placeholder}
Witzenberg Aksie,WA,#c7c6c2,{placeholder},https://www.elections.org.za/content/img_parties/WAWC022.jpg,{placeholder}
Witzenberg Onafhanklike Demokratiese Party,WID,#edd559,{placeholder},https://www.elections.org.za/content/img_parties/WIDWC022.jpg,{placeholder}
Witzenberg Onafhanklike Vereniging,{placeholder},{placeholder},{placeholder},{placeholder},{placeholder}
Witzenberg Party,WP,#b0492f,{placeholder},https://www.elections.org.za/content/img_parties/WPWC022.jpg,{placeholder}
Women Forward,WF,#edd95a,{placeholder},https://www.elections.org.za/content/img_parties/WF.jpg,{placeholder}
Women's Rights Peace Party,WRPP,{placeholder},{placeholder},{placeholder},{placeholder}
Workers International To Rebuild The Fourth International (SA),WI,{placeholder},{placeholder},{placeholder},{placeholder}
Workers And Socialist Party,WASP,#ea4c5b,{placeholder},https://www.elections.org.za/content/img_parties/WASP.jpg,{placeholder}
Workers International Vanguard League,WIVL,#fd3514,{placeholder},https://www.elections.org.za/content/img_parties/WIVL.jpg,{placeholder}
Workers International Vanguard Party,WIVP,#fd3514,{placeholder},https://www.elections.org.za/content/img_parties/WIVP.jpg,{placeholder}
Workers Party,{placeholder},{placeholder},{placeholder},{placeholder},{placeholder}
Workers List Party,WLP,{placeholder},{placeholder},{placeholder},{placeholder}
Working Together Political Party,W.T.P.P.,#4a7daa,{placeholder},https://www.elections.org.za/content/img_parties/W.T.P.P.NW385.jpg,{placeholder}
Xiluva,XILUVA,#ff4f13,{placeholder},https://www.elections.org.za/content/img_parties/XILUVA.jpg,{placeholder}
Ximoko Party,XP,#b5886d,{placeholder},https://www.elections.org.za/content/img_parties/XP.jpg,{placeholder}
Ximoko Progressive Party,XPP,{placeholder},{placeholder},{placeholder},{placeholder}
Young People's Party,YPP,#fd5457,{placeholder},https://www.elections.org.za/content/img_parties/YPP.jpg,{placeholder}
Youth Independence Party And Youth Associates,YIPYA,#fafb46,{placeholder},https://www.elections.org.za/content/img_parties/YIPYAWC026.jpg,{placeholder}
Youth Of Our Nation,Y.O.O.N,#3c6e31,{placeholder},https://www.elections.org.za/content/img_parties/Y.O.O.N.jpg,{placeholder}
Youth Of The World,YOW,#2b2b2b,{placeholder},https://www.elections.org.za/content/img_parties/YOWTSH.jpg,{placeholder}
Zenzeleni Progressive Movement,ZPM,#d5a562,{placeholder},https://www.elections.org.za/content/img_parties/ZPM.jpg,{placeholder}
Zibambeleni Development Organisation,{placeholder},{placeholder},{placeholder},{placeholder},{placeholder}
Zulu Royal Property,ZRP,#c69176,{placeholder},https://www.elections.org.za/content/img_parties/ZRP.jpg,{placeholder}