name,abbr,color,urlLogo
A Party,,#507eb9,https://www.elections.org.za/content/img_parties/NO_ABBR504.jpg
Abahlali Base Mkhanyakude Movement,ABMM,,https://www.elections.org.za/content/img_parties/ABMMKZN271.jpg
Abahlali Bemzansi Organisation,ABO,#c9515d,https://www.elections.org.za/content/img_parties/ABO.jpg
Abahlaly Baahi,AB,,https://www.elections.org.za/content/img_parties/ABJHB.jpg
Abantu Batho Congress,ABC,#5ab87a,https://www.elections.org.za/content/img_parties/ABC.jpg
Abantu Democratic Revolution,ADR,#f9ef36,https://www.elections.org.za/content/img_parties/ADR.jpg
Abantu Integrity Movement,AIM,,https://www.elections.org.za/content/img_parties/AIMNMA.jpg
Abbotsdale Community Development Forum/Abbotsdale Gemeenskap,,,
Able Leadership,AL,#bcba8e,https://www.elections.org.za/content/img_parties/AL.jpg
Abolition Of Income Tax And Usury Party,AITUP,#9cfe02,https://www.elections.org.za/content/img_parties/AITUP.jpg
Aborgeniese Restorasie Koalisie,ARK,#9e562e,https://www.elections.org.za/content/img_parties/ARK.jpg
Aboriginal Khoisan,A.K.S.,#1c7cb6,https://www.elections.org.za/content/img_parties/A.K.S..jpg
Aboriginal Kingdom Alliance,AKA,#d3af37,https://www.elections.org.za/content/img_parties/AKA.jpg
Above Massive Constituency,ABMC,,https://www.elections.org.za/content/img_parties/ABMCD44.jpg
Academic Congress Union,ACU,#f9fea8,https://www.elections.org.za/content/img_parties/ACU.jpg
Action Alliance Development Party,AADP,#3a3839,https://www.elections.org.za/content/img_parties/AADP.jpg
Action Independent People's Party,,,
Action Lekwa Community,ALC,#2475ac,https://www.elections.org.za/content/img_parties/ALC%20MP305.jpg
Action SA,ACTIONSA,#56ba48,https://www.elections.org.za/content/img_parties/ACTIONSA.jpg
Active African Christians United Movement,AACUM,#571f68,https://www.elections.org.za/content/img_parties/AACUM.jpg
Active Citizens Coalition,ACC,#cb9e65,https://www.elections.org.za/content/img_parties/AAC.jpg
Active Movement For Change,AMC,#958546,https://www.elections.org.za/content/img_parties/AMC.jpg
Active Nation Against Corruption,,#fdfe00,https://www.elections.org.za/content/img_parties/NO_ABBR1552.jpg
Active United Front,AUF,#0f8239,https://www.elections.org.za/content/img_parties/AUFWC047.jpg
Activists Movement Of South Africa,AMSA,#000002,https://www.elections.org.za/content/img_parties/AMSA.jpg
Adelaide Residents Association,,,
Advanced Dynamic Alliance,ADA,#004e9b,https://www.elections.org.za/content/img_parties/ADA.jpg
Advieskantoor,,#121317,https://www.elections.org.za/content/img_parties/NO_ABBR1119.jpg
Africa Alliance Congress,AAC,#cb9e65,https://www.elections.org.za/content/img_parties/AAC.jpg
Africa Moral Party,,,
Africa Muslim Party,AMP,#75c05b,https://www.elections.org.za/content/img_parties/AMP.jpg
Africa Redemption Democracy,ARD,#000106,https://www.elections.org.za/content/img_parties/ARD.jpg
Africa Restoration Alliance,ARA,#ef3892,https://www.elections.org.za/content/img_parties/ARA.jpg
Africa Women And Youth Party,,#279dbf,https://www.elections.org.za/content/img_parties/NO_ABBR92.jpg
Africa's New Dawn,ANDSA,#d1a564,https://www.elections.org.za/content/img_parties/ANDSA.jpg
Africa-Party-Map,#MA,#817e74,https://www.elections.org.za/content/img_parties/MAP.jpg
African Ambassadors Of South Africa,AASA,#994f4c,https://www.elections.org.za/content/img_parties/AASAJHB.jpg
African Basic Republicans,ABR,#136bb5,https://www.elections.org.za/content/img_parties/ABR.jpg
African Bond Of Unity,ABU,#d8604e,https://www.elections.org.za/content/img_parties/ABU.jpg
African Born Freedom Fighter,ABFF,#f5e15e,https://www.elections.org.za/content/img_parties/ABFF.jpg
African Change Academy,A.C.A.,#a7db43,https://www.elections.org.za/content/img_parties/A.C.A..jpg
African Christian Alliance / Afrikaner Christen Alliansie,ACA,#e88184,https://www.elections.org.za/content/img_parties/ACA.jpg
African Christian Democratic Party,ACDP,#0c89cc,https://www.elections.org.za/content/img_parties/ACDP.jpg
African Civil Revolutionary Movement,ACRM,#9ed26e,https://www.elections.org.za/content/img_parties/ACRM.jpg
African Community Movement,,,
African Congress Of Democrats,A.C.D,#b55c58,https://www.elections.org.za/content/img_parties/A.C.D.jpg
African Content Movement,ACM,#472d58,https://www.elections.org.za/content/img_parties/ACM.jpg
African Covenant,ACO,#0a763c,https://www.elections.org.za/content/img_parties/ACO.jpg
African Credible Leaders,ACL,#e9e3ed,https://www.elections.org.za/content/img_parties/ACL.jpg
African Democratic Change,ADEC,#80b6d8,https://www.elections.org.za/content/img_parties/ADeC.jpg
African Democratic Movement,ADM,,
African Democrats,A.D,#247244,https://www.elections.org.za/content/img_parties/A.D.jpg
African Disabled People's Movement,ADPM,#ae4437,https://www.elections.org.za/content/img_parties/ADPM.jpg
African Economic Freedom,AEF,#0d4401,https://www.elections.org.za/content/img_parties/AEF.jpg
African Economic Transformers,AET,#f6e47a,https://www.elections.org.za/content/img_parties/AET.jpg
African Federal Convention,AFCO,#c6ab2a,https://www.elections.org.za/content/img_parties/AFCO.jpg
African Forces Front,AFF,#cf1133,https://www.elections.org.za/content/img_parties/AFF.jpg
African Freedom Party,AFP,#27548f,https://www.elections.org.za/content/img_parties/AFPLIM333.jpg
African Freedom Revolution,AFR,#5e7f86,https://www.elections.org.za/content/img_parties/AFR.jpg
African Freedom Salvation,AFS,#5cbd8a,https://www.elections.org.za/content/img_parties/AFSDC33.jpg
African Health Insurance,AHA,#c200bc,https://www.elections.org.za/content/img_parties/AHA.jpg
African Heart Congress,AHC,#e3bb73,https://www.elections.org.za/content/img_parties/AHC.jpg
African Independent Congress,AIC,#f4c530,https://www.elections.org.za/content/img_parties/AIC.jpg
African Independent People's Organisation,AIPO,#783b42,https://www.elections.org.za/content/img_parties/AIPOMP315.jpg
African Islamic Movement,A-M,#8ab48d,https://www.elections.org.za/content/img_parties/A-MCPT.jpg
African Liberation Party,ALP,#50434c,https://www.elections.org.za/content/img_parties/ALP.jpg
African Mandate Congress,AMCO,#ffff47,https://www.elections.org.za/content/img_parties/AMCOTSH.jpg
African Mantungwa Community,AC,#e7ee8d,https://www.elections.org.za/content/img_parties/AC.jpg
African Moderates Congress Party,AMCP,,
African Multicultural Economic Congress,AMEC,#ba4545,https://www.elections.org.za/content/img_parties/AMEC.jpg
African National Congress,ANC,#00a650,https://www.elections.org.za/content/img_parties/ANC.jpg
African National Party,ANP,#f7e851,https://www.elections.org.za/content/img_parties/ANP.jpg
African Peace Party,A.P.P.,#cdd489,https://www.elections.org.za/content/img_parties/A.P.P..jpg
African People First,APF,#eac978,https://www.elections.org.za/content/img_parties/APF.jpg
African People's Convention,APC,#e3ce65,https://www.elections.org.za/content/img_parties/APC.jpg
African People's Movement,APEMO,#016801,https://www.elections.org.za/content/img_parties/APEMO.jpg
African People's Socialist Party,APSP,#d9ae3c,https://www.elections.org.za/content/img_parties/APSP.jpg
African Power Movement,,,
African Progressive Movement,APMO,#453327,https://www.elections.org.za/content/img_parties/APMO.jpg
African Renaissance Civic Movement,,,
African Renaissance Unity,ARU,#441712,https://www.elections.org.za/content/img_parties/ARU.jpg
African Security Congress,ASC,#b13325,https://www.elections.org.za/content/img_parties/ASC.jpg
African Traditional Congress,ATC,#b3a081,https://www.elections.org.za/content/img_parties/ATCMP316.jpg
African Transformation Efficiency And Affirmative Movement,,,
African Transformation Movement,ATM,#dcc85c,https://www.elections.org.za/content/img_parties/ATM.jpg
African Unified Movement,AUM,#e18e32,https://www.elections.org.za/content/img_parties/AUM.jpg
African Voice,AV,#662f28,https://www.elections.org.za/content/img_parties/AV.jpg
African Voice Progressive Party,AVPP,#7eb671,https://www.elections.org.za/content/img_parties/AVPPMP316.jpg
Afrika Borwa Kgutlisa Botho,abkb,#dc564a,https://www.elections.org.za/content/img_parties/abkb.jpg
Afrika For All,AFA,#158c52,https://www.elections.org.za/content/img_parties/AFALIM367.jpg
Afrikaans Kleurling Bewustheids Party,AKBP,#244e9c,https://www.elections.org.za/content/img_parties/AKBP.jpg
Afrikan Alliance Of Social Democrats,AASD,#fbfd45,https://www.elections.org.za/content/img_parties/AASD.jpg
Afrikan Republikan Movement Of Yah,A.R.M.Y,#bf4f24,https://www.elections.org.za/content/img_parties/A.R.M.Y.jpg
Afrikan Selfbeskikking Party,AFRSP,#180ee8,https://www.elections.org.za/content/img_parties/AFRSP.jpg
Afrikaner Eenheidsbeweging,AEB,#e95f00,https://www.elections.org.za/content/img_parties/AEB.jpg
Afro Natives,AFNA,#93652f,https://www.elections.org.za/content/img_parties/AFNA.jpg
Agang South Africa,AGANG SA,#1c7d61,https://www.elections.org.za/content/img_parties/AGANG SA.jpg
Agency For New Agenda,ANA,#c53131,https://www.elections.org.za/content/img_parties/ANA.jpg
Agenda To Citizenry Governors,ACG,#e8b0b3,https://www.elections.org.za/content/img_parties/ACG.jpg
Aksie Eenheid Belastingbetalers/Action Unity Ratepayers,,,
Al Jama-Ah,ALJAMA,#000000,https://www.elections.org.za/content/img_parties/ALJAMA.jpg
Al Shura Party,ASP,#237dcb,https://www.elections.org.za/content/img_parties/ASPCPT.jpg
All Peaople's Party SA,APP-SA,,
All Things Are Possible,ATAP,#0168b3,https://www.elections.org.za/content/img_parties/ATAP.jpg
All Unemployment Labour Alliance,AULA,#0671ad,https://www.elections.org.za/content/img_parties/AULAFS194.jpg
Alliance 2000+,,,
Alliance Of Free Democrats,,,
Alliance For Community Transformation,,,
Alliance For Democracy And Prosperity,ADP,#73738d,https://www.elections.org.za/content/img_parties/ADP.jpg
Alliance For Democratic Freedom,ADF,#fc7b5b,https://www.elections.org.za/content/img_parties/ADF.jpg
Alliance For One Nation,A4ONE,#006a92,https://www.elections.org.za/content/img_parties/A4ONE.jpg
Alliance For Transformation For All,ATA,#044e97,https://www.elections.org.za/content/img_parties/ATA.jpg
Alliance For The Community,,,
Alliance Of Associated Residents Of KZ221,,,
Alliance Of Democratic Congress,ADC,#b19226,https://www.elections.org.za/content/img_parties/ADCWC012.jpg
Alliance Of Independents Midvaal,,,
Alliance Of Indigenous And True South Africans,AITSA,#990100,https://www.elections.org.za/content/img_parties/AITSANC067.jpg
Alliansie Noord,,,
Allied Movement For Change,AM4C,#f1b33a,https://www.elections.org.za/content/img_parties/AM4C.jpg
Alternative African Allegiance,AAA,#a77d4c,https://www.elections.org.za/content/img_parties/AAAJHB.jpg
Alternative Democrats,AD,#07549a,https://www.elections.org.za/content/img_parties/ADNMA.jpg
Amalgamated Rainbow Movement,ARM,#faac2a,https://www.elections.org.za/content/img_parties/ARM.jpg
Anchor Reformed Political Party,ANCHOR,#fbfabf,https://www.elections.org.za/content/img_parties/ANCHOR.jpg
Answer For Community,AFC,#ce706e,https://www.elections.org.za/content/img_parties/AFCLIM472.jpg
Appropriate Mutual Understanding Patriotic Party,AMUPAPA,#e1bc3a,https://www.elections.org.za/content/img_parties/AMUPAPA.jpg
Are Ageng Afrika,AA,#4d6409,https://www.elections.org.za/content/img_parties/AANW385.jpg
Arise South Africa,ASA,#535353,https://www.elections.org.za/content/img_parties/ASA.jpg
Arona,ARONA,#efc000,https://www.elections.org.za/content/img_parties/ARONADC37.jpg
Arusha Economic Coalition,ARECO,#f9e574,https://www.elections.org.za/content/img_parties/ARECO.jpg
Ascora,,,
Asisikimeni Community Development And Advice Movement,ACDAM,#b29853,https://www.elections.org.za/content/img_parties/ACDAM.jpg
Azania Resident Party,ARP,#448a6d,https://www.elections.org.za/content/img_parties/ARP.jpg
Azanian Alliance Congress,,,
Azanian Independent Community Movement,AICM,#089246,https://www.elections.org.za/content/img_parties/AICMNW373.jpg
Azanian People's Organisation,AZAPO,#f5bf65,https://www.elections.org.za/content/img_parties/AZAPO.jpg
Azanian Revolutionary Congress,AZARCO,#dbb002,https://www.elections.org.za/content/img_parties/AZARCO.jpg
Badira Mmogo Freedom Party,BFP,,https://www.elections.org.za/content/img_parties/BFPDC47.jpg
Bana Ba Thari,BBT,#776551,https://www.elections.org.za/content/img_parties/BBTNW375.jpg
Barkly West Task Team,,,
Basic Income Grant SA,BIG SA,#ee1f27,https://www.elections.org.za/content/img_parties/BIG SA.jpg
Batho Pele Movement,BPM,#391c5a,https://www.elections.org.za/content/img_parties/BPM.jpg
Batho Pele Party,BPP,,
Batho Ba Qetile,BBQ,,
Bedford Residents Association,,,
Belabela Community Revolution,BBCR,#e5c071,https://www.elections.org.za/content/img_parties/BBCRLIM366.jpg
Belastingbetalersvereniging,,,
Belastingbetalersverening Van Parys,,,
Beter Bloemhof Party,,,
Better Residents Association,BRA,#2092c6,https://www.elections.org.za/content/img_parties/BRAMP325.jpg
Bitou Concerned Residents,BCR,,https://www.elections.org.za/content/img_parties/BCRWC047.jpg
Bitou Independent Party,BIP,#7b9250,https://www.elections.org.za/content/img_parties/BIPW047.jpg
Black Consciousness Forum,,,
Black Consciousness Party,BCP,#ffd27f,https://www.elections.org.za/content/img_parties/BCP.jpg
Black Economic Empowerment Party,,,
Black First Land First,BLF,#913628,https://www.elections.org.za/content/img_parties/BLF.jpg
Black And White Party,BWP,,
Bohlokong Civic Association,,,
Bolsheviks Party Of South Africa,BPSA,#c86760,https://www.elections.org.za/content/img_parties/BPSA.jpg
Botho Community Movement,BCM,#91261e,https://www.elections.org.za/content/img_parties/BCMNW373.jpg
Botshabelo Unemployed Movement,BUM,#f2b833,https://www.elections.org.za/content/img_parties/BUMMAN.jpg
Breedevallei Onafhanklik,BO,#fbf153,https://www.elections.org.za/content/img_parties/BO.jpg
Build One South Africa,BOSA,#fab51c,https://www.elections.org.za/content/img_parties/BOSA.jpg
Building A Cohesive Society,BACS,#c00000,https://www.elections.org.za/content/img_parties/BACS.jpg
Bushbuckridge Locals Movement,BLOM,#d77750,https://www.elections.org.za/content/img_parties/BLOM.jpg
Bushbuckridge Residents Association,,,
Cape Agulhas Ratepayers Association,CARA,#4c623c,https://www.elections.org.za/content/img_parties/NO_ABBR657.jpg
Cape Independence Party / Kaapse Onafhanklikheids Party,CAPEXIT,#121a48,https://www.elections.org.za/content/img_parties/CAPEXIT.jpg
Cape Muslim Congress,CMC,#646464,https://www.elections.org.za/content/img_parties/CMCCPT.jpg
Capitalist Party Of South Africa,ZACP,#674f9d,https://www.elections.org.za/content/img_parties/ZACP.jpg
Capricorn Independent Community Activists Forum,CICAF,#0a527e,https://www.elections.org.za/content/img_parties/CICAFLIM353.jpg
Cathcart Residents Association,,,
Cederberg First Residents Association,CE,#e24349,https://www.elections.org.za/content/img_parties/CEWC012.jpg
Change,CHANGE,#6d1f1b,https://www.elections.org.za/content/img_parties/NO_ABBR1477.jpg
Christen Party/Christian Party,,,
Christen Protestante Party Van Suider Afrika,,,
Christian Ambassadors Political Party,CAPP,#8b5c86,https://www.elections.org.za/content/img_parties/CAPP.jpg
Christian Democratic Alliance,CDA,#deb563,https://www.elections.org.za/content/img_parties/CDA.jpg
Christian Democratic Party,CDP,#fdf177,https://www.elections.org.za/content/img_parties/CDP.jpg
Christian Democrats,CD,#044e8f,https://www.elections.org.za/content/img_parties/CD.jpg
Christian Front,CF,#ca6657,https://www.elections.org.za/content/img_parties/CF.jpg
Christian Political Movement,CPM,#c9553a,https://www.elections.org.za/content/img_parties/CPM.jpg
Christian Political Party,CPP,#302261,https://www.elections.org.za/content/img_parties/CPP.jpg
Christian United Movement SA (The Right Choice),CUMSA,#bdb47e,https://www.elections.org.za/content/img_parties/CUMSAWC044.jpg
Christians Of South Africa,COSA,#2790d1,https://www.elections.org.za/content/img_parties/COSA.jpg
Citizans,CITIZANS,#01b0f1,https://www.elections.org.za/content/img_parties/CITIZANS.jpg
Citizens Rights Protection Unity,C.R.P.U,#e1996c,https://www.elections.org.za/content/img_parties/C.R.P.UWC047.jpg
Civic Alliance Of South Africa,CASA,#84436b,https://www.elections.org.za/content/img_parties/CASA.jpg
Civic Alliansie,,,
Civic Democrats,,,
Civic Independent,CI,#222222,https://www.elections.org.za/content/img_parties/CI.jpg
Civic Movement Of South Africa,CMOSA,,https://www.elections.org.za/content/img_parties/CMOSA.jpg
Civic Voice,CVC,#7a8066,https://www.elections.org.za/content/img_parties/CVCMP305.jpg
Civic Warriors,,#76bc6b,https://www.elections.org.za/content/img_parties/NO_ABBR1083.jpg
Civic Warriors Of Maruleng,CWM,,
Civilian Democratic Congress,CDC,#ce6b53,https://www.elections.org.za/content/img_parties/CDC.jpg
Coloured Voice,CV,#95bd48,https://www.elections.org.za/content/img_parties/CV.jpg
Community Coalition,,,
Community Congress,CC,#cc5656,https://www.elections.org.za/content/img_parties/CCLIM473.jpg
Community Freedom Party,CFP,#9c7764,https://www.elections.org.za/content/img_parties/CFP.jpg
Community Initiative/Gemeenskap Inisiatief,,,
Community Parliament,,#010204,https://www.elections.org.za/content/img_parties/NO_ABBR1747.jpg
Community Party,CP,#b94337,https://www.elections.org.za/content/img_parties/CP.jpg
Community Solidarity Association,,#7b2d43,https://www.elections.org.za/content/img_parties/NO_ABBR1563.jpg
Community Workers Forum,,,
Community And Workers Alliance,CWA,#cc4b42,https://www.elections.org.za/content/img_parties/CWAWC026.jpg
Community Of South Africa,,#c1786d,https://www.elections.org.za/content/img_parties/NO_ABBR949.jpg
Compatriots Of South Africa,CSA,#54ad4f,https://www.elections.org.za/content/img_parties/CSA.jpg
Concern,CONCERN,#303227,https://www.elections.org.za/content/img_parties/CONCERNTSH.jpg
Concerned Drakenstein Residents,CDR,#81a834,https://www.elections.org.za/content/img_parties/CDRWC023.jpg
Congregational Christian Unity,CCU,#e0cb62,https://www.elections.org.za/content/img_parties/CCUKZN282.jpg
Congress Movement Of The Coloured People In South Africa,,,
Congress Of The People,COPE,#ffd73a,https://www.elections.org.za/content/img_parties/COPE.jpg
Conservatives In Action,CIASA,#0c1330,https://www.elections.org.za/content/img_parties/CIASA.jpg
Credible Alternative 1st Movement,,,
D'Almedia Civic Association,DCA,#fadc62,https://www.elections.org.za/content/img_parties/DCA.jpg
Dabalorivhuwa Patriotic Front,DPF,#070908,https://www.elections.org.za/content/img_parties/DPF.jpg
Daveyton Community Peace Committee,,,
Decent Political Party,DPP,#145b89,https://www.elections.org.za/content/img_parties/DPPLIM345.jpg
Defenders Of The People,DOP,,https://www.elections.org.za/content/img_parties/DOPLIM335.jpg
Democratic Alliance,DA,#01559d,https://www.elections.org.za/content/img_parties/DA.jpg
Democratic Artists Party,DAP,#89d7f4,https://www.elections.org.za/content/img_parties/DAP.jpg
Democratic Association Of Witzenberg Independence,DAWI,#664a8b,https://www.elections.org.za/content/img_parties/DAWIWC022.jpg
Democratic Christian Party,DCP,#d6c460,https://www.elections.org.za/content/img_parties/DCP.jpg
Democratic Community Movement,DCM,#00a34a,https://www.elections.org.za/content/img_parties/DCMMP325.jpg
Democratic Equality Empowerment Party,DEEP,#9c68a8,https://www.elections.org.za/content/img_parties/DEEPCPT.jpg
Democratic Freedom Alliance,DFA,#a9c0e3,https://www.elections.org.za/content/img_parties/DFAKZN212.jpg
Democratic Independent Party,DI,#104378,https://www.elections.org.za/content/img_parties/DI.jpg
Democratic Labour Party,DLP,#d3a63f,https://www.elections.org.za/content/img_parties/DLP.jpg
Democratic Liberal Congress,DLC,#b13e3a,https://www.elections.org.za/content/img_parties/DLC.jpg
Democratic New Civic Association,DNCA,#337fba,https://www.elections.org.za/content/img_parties/DNCAWC024.jpg
Democratic Party,DP,#0176c6,https://www.elections.org.za/content/img_parties/DP.jpg
Democratic People's Alternative,D.P.A,#15416e,https://www.elections.org.za/content/img_parties/D.P.ACPT.jpg
Democratic People's Congress,DPC,#f4cf64,https://www.elections.org.za/content/img_parties/DPC.jpg
Democratic People's Movement,,,
Democratic Revolutionary Party Of South Africa,DRPSA,#8fa8e0,https://www.elections.org.za/content/img_parties/DRPSA.jpg
Democratic Union Party,DUP,#fad55e,https://www.elections.org.za/content/img_parties/DUP.jpg
Democratic Union Plus,,,
Democrats For Change,,,
Dennilton Residents Association,DRA,#17443f,https://www.elections.org.za/content/img_parties/DRALIM472.jpg
Development Of Jobs In Vryheid,DJ-V,#d58643,https://www.elections.org.za/content/img_parties/DJ-VKZN263.jpg
Devoted Citizens Of Johannesburg,DCOJ,#13007d,https://www.elections.org.za/content/img_parties/DCOJJHB.jpg
Devoted Citizens Of Msunduzi,,#475681,https://www.elections.org.za/content/img_parties/NO_ABBR1630.jpg
Die Forum,DF,#20589f,https://www.elections.org.za/content/img_parties/DFNC082.jpg
Die Maquassi Hills/Rante Gemeenskapsvereniging,,#0082de,https://www.elections.org.za/content/img_parties/NO_ABBR187.jpg
Dienslewerings Party,DLRP,#6a8b44,https://www.elections.org.za/content/img_parties/DLRPWC031.jpg
Dikgatlong Independed Forum,D.I.F,,https://www.elections.org.za/content/img_parties/D.I.F.NC092.jpg
Dikgatlong Service Delivery Forum,DSDF,#e5c774,https://www.elections.org.za/content/img_parties/DSDFNC092.jpg
Dikwankwetla Party Of South Africa,DPSA,#e07a2f,https://www.elections.org.za/content/img_parties/DPSA.jpg
Direct Democracy Forum,DDF,#3b192a,https://www.elections.org.za/content/img_parties/DDF.jpg
Disability And Older Person Political Party,DOPP,#70277b,https://www.elections.org.za/content/img_parties/DOPP.jpg
Displacees Rate-Payers Association,,,
Disrupt Party,DSPT,#43b39b,https://www.elections.org.za/content/img_parties/DSPTJHB.jpg
Drakensberg Concerned Residents,D.C.R,#f5db7c,https://www.elections.org.za/content/img_parties/D.C.REC138.jpg
Dream Nation Africa,DNA,#a34623,https://www.elections.org.za/content/img_parties/DNA.jpg
Dube Civic Organisation,,,
East Rand Forum/Oosrand Forum,,,
Eastern Cape Movement,E.C.M,#b67252,https://www.elections.org.za/content/img_parties/E.C.M.jpg
Economic Emancipation Forum,ECOFORUM,#facb3c,https://www.elections.org.za/content/img_parties/ECOFORUM.jpg
Economic Freedom Fighters,EFF,#fe0000,https://www.elections.org.za/content/img_parties/EFF.jpg
Economic Freedom Movement,,,
Economic Growth Organisation,EGO,#40523d,https://www.elections.org.za/content/img_parties/EGO.jpg
Economic Liberation Congress,ELC,,https://www.elections.org.za/content/img_parties/ELWC012.jpg
Ecopeace Party,ECOPEACE,#f7f854,https://www.elections.org.za/content/img_parties/ECOPEACE.jpg
Eden United People's Party,EUPP,#c4ec66,https://www.elections.org.za/content/img_parties/EUPP.jpg
Eenheid Boere Stabiliteit,EBS,#ad6569,https://www.elections.org.za/content/img_parties/EBS.jpg
Ekurhuleni Community Movement,ECM,#00a94c,https://www.elections.org.za/content/img_parties/ECMEKU.jpg
Equal Power Party,EPP,#ca525b,https://www.elections.org.za/content/img_parties/EPPJHB.jpg
Equal Rights For All,ERA,#203429,https://www.elections.org.za/content/img_parties/ERAMP325.jpg
Federal Alliance,FA,#597199,https://www.elections.org.za/content/img_parties/FA.jpg
Federal Congress,,,
Federal Party,FP,,https://www.elections.org.za/content/img_parties/FPSA.jpg
Federal Party SA,FPSA,#a5d5fe,https://www.elections.org.za/content/img_parties/FPSA.jpg
Federation Of African States,FAS,#fe0000,https://www.elections.org.za/content/img_parties/FASLIM473.jpg
Federation Of Democrats,F.D,,https://www.elections.org.za/content/img_parties/F.D.WC023.jpg
Fighting Unemployment,FU,#fbb749,https://www.elections.org.za/content/img_parties/FU.jpg
First Community Party Of South Africa,,,
First Nation Liberation Alliance,,,
Forum 4 Service Delivery,F4SD,#222e24,https://www.elections.org.za/content/img_parties/F4SD.jpg
Forum For Democrats,FFD,#feed3f,https://www.elections.org.za/content/img_parties/FFDNW385.jpg
Frances Baard District Forum,FBDF,#7a5fab,https://www.elections.org.za/content/img_parties/FBDFDC9.jpg
Free Democrats,FREE DEMS,#e18d8d,https://www.elections.org.za/content/img_parties/FREE DEMS.jpg
Freedom Front,FF,#fcf72a,https://www.elections.org.za/content/img_parties/GCFNC453.jpg
Front Nasionaal / Front National,FN,#5b80b4,https://www.elections.org.za/content/img_parties/FN.jpg
Future Democratic Party,,,
Future Generation Congress,FGC,#652d90,https://www.elections.org.za/content/img_parties/FGC.jpg
Gamagara Community Forum,GCF,,
Gaza Movement For Change,GMC,#11732e,https://www.elections.org.za/content/img_parties/GMC.jpg
Gaza Youth Revolution,GYR,#499b77,https://www.elections.org.za/content/img_parties/GYRLIM331.jpg
Gazankulu Liberation Congress,GLC,#967e64,https://www.elections.org.za/content/img_parties/GLC.jpg
Gemini,,#f7a962,https://www.elections.org.za/content/img_parties/NO_ABBR289.jpg
George Community Initiative/George Gemeenskapsinisiatief,,,
George Independent Forum,,,
George Independent Ratepayers Forum,G.I.R.F,#1c6561,https://www.elections.org.za/content/img_parties/G.I.R.FWC044.jpg
God Save Africa,G.S.A.,#006eb5,https://www.elections.org.za/content/img_parties/G.S.A..jpg
Good,GOOD,#e08326,https://www.elections.org.za/content/img_parties/GOOD.jpg
Gourikwa Khoisan,,,
Great Kongress Of South Africa,GKSA,#f8f070,https://www.elections.org.za/content/img_parties/GKSA.jpg
Greater Brits Civic Organisation,,,
Greater Middelburg Residents Association,,,
Green Future,GF,#89c25b,https://www.elections.org.za/content/img_parties/GFWC024.jpg
Green Party,GRP,,
Hantam Ontwikkelings Forum,HOF,#07519c,https://www.elections.org.za/content/img_parties/HOFNC065.jpg
Heavenly Economic And Political Freedom Programme,HEPFP,#12704e,https://www.elections.org.za/content/img_parties/HEPFP.jpg
Helderberg Community Civic Organisation,,,
Hessequa People's Movement,HPM,#9ebb4d,https://www.elections.org.za/content/img_parties/HPMWC042.jpg
Highveld Residents Concerned Party,,,
Hindu Unity Movement,HUM,#cdb86b,https://www.elections.org.za/content/img_parties/HUMETH.jpg
His Lordship To Save And Lead Party,HIS L SHIP,#6dade3,https://www.elections.org.za/content/img_parties/HIS L SHIP.jpg
Hope For The Future,HFTF,#d75e43,https://www.elections.org.za/content/img_parties/HFTFNC082.jpg
Hoeveldrif Inwoners Vereniging,,,
Human Dignity Restoration,HDR,#c4323c,https://www.elections.org.za/content/img_parties/HDR.jpg
Ikemeleng Free State,IFS,#b44b6e,https://www.elections.org.za/content/img_parties/IFS.jpg
Ikhwezi Political Movement,IPM,#304d6b,https://www.elections.org.za/content/img_parties/IPMWC047.jpg
Ikusasa Lesizwe Independent Movement,ILIMO,#de3238,https://www.elections.org.za/content/img_parties/ILIMOMP316.jpg
Independent,,,
Independent African Movement,IAM,#649673,https://www.elections.org.za/content/img_parties/IAM.jpg
Independent Alliance,IA,#d86e72,https://www.elections.org.za/content/img_parties/IA.jpg
Independent Citizens Movement,ICM,#15100a,https://www.elections.org.za/content/img_parties/ICM.jpg
Independent Civic Movement,,#238a37,https://www.elections.org.za/content/img_parties/NO_ABBR1667.jpg
Independent Civic Organisation Of South Africa,ICOSA,#e4232b,https://www.elections.org.za/content/img_parties/ICOSA.jpg
Independent Communities Movement,ICMO,#00a74f,https://www.elections.org.za/content/img_parties/ICMO.jpg
Independent Congress,,,
Independent Councillors,IC,,
Independent Democrats,ID,#ef7a06,https://www.elections.org.za/content/img_parties/ID.jpg
Independent Heritage South Party,,,
Independent Party,IP,,
Independent People's Party,IPP,,
Independent Ratepayers Association Of SA,IRASA,#7a99cf,https://www.elections.org.za/content/img_parties/IRASAEast%20Rand.jpg
Independent Residents Association,,,
Independent Rural Party,IRP,#0bb54a,https://www.elections.org.za/content/img_parties/IRP.jpg
Independent South African National Civic Organisation,ISANCO,#ffe842,https://www.elections.org.za/content/img_parties/ISANCO.jpg
Independent Sport Party,ISP,#5d5e62,https://www.elections.org.za/content/img_parties/ISP.jpg
Independents For Communities,INC,,
Independents For Oudtshoorn,IFO,#0c0c0c,https://www.elections.org.za/content/img_parties/IFODC4.jpg
Indigenous Democratic Revolution,IDR,#816451,https://www.elections.org.za/content/img_parties/IDR.jpg
Indigenous People's Organisation,,,
Ingubo Yeskhethu Party,INGUBO,,
Inkatha Freedom Party,IFP,#fed700,https://www.elections.org.za/content/img_parties/IFP.jpg
International Party,INTP,#419dce,https://www.elections.org.za/content/img_parties/INTP.jpg
International Revelation Congress,IRC,#e5c95e,https://www.elections.org.za/content/img_parties/IRC.jpg
Inwoners Citizens' Forum,,,
Iqela Lentsango / Dagga Party,DAGGA,#4c623c,https://www.elections.org.za/content/img_parties/NO_ABBR650.jpg
Isithunzi Som-Afrika Economic Fighters,ISTHUNZI,,https://www.elections.org.za/content/img_parties/ISITHUNZIDC28.jpg
Islamic Party,IP,,
Izwe Lethu Party,I.L.P,#f61453,https://www.elections.org.za/content/img_parties/I.L.P.jpg
Jansenville Klipplaat Alliansie,,,
Justice And Employment Party,JEP,#9a2329,https://www.elections.org.za/content/img_parties/JEP.jpg
KZN Independence,KZNI,#359a58,https://www.elections.org.za/content/img_parties/KZNI.jpg
Kaap Agulhas Civic Organisasie,KAPCO,#835d4a,https://www.elections.org.za/content/img_parties/KAPCOWC033.jpg
Kannaland Independent Party,,#455444,https://www.elections.org.za/content/img_parties/NO_ABBR1624.jpg
Kareeberg Civic Movement,KCM,#5b5e7d,https://www.elections.org.za/content/img_parties/KCMNC074.jpg
Karoo Democratic Force,KDF,#fade57,https://www.elections.org.za/content/img_parties/KDFWC053.jpg
Karoo Gemeenskap Party,KGP,#d44240,https://www.elections.org.za/content/img_parties/KGPWC052.jpg
Karoo Ontwikkelings Party,KOP,#906223,https://www.elections.org.za/content/img_parties/KOPWC051.jpg
Katekani Economic Power,KEP,#8a360e,https://www.elections.org.za/content/img_parties/KEP.jpg
Kayamandi Community Alliance,,,
Keep It Straight And Simple,KISS,#d90207,https://www.elections.org.za/content/img_parties/KISS.jpg
Kgatelopele Community Forum,KCF,,
Khai-Ma Onafhanklike Kandidate Koalisie,,,
Khanyile Party,KHANYILE,#0c4a21,https://www.elections.org.za/content/img_parties/KHANYILE.jpg
Khayalami Residents Association,,,
Khoi-San Heavenly Party,KSHP,#d1971a,https://www.elections.org.za/content/img_parties/KSHPWC011.jpg
Khoi-San Kingdom Of RSA,KKORSA,#ead19b,https://www.elections.org.za/content/img_parties/KKORSA.jpg
Khoisan First Indigenous Political Party,KFIPP,#c8b6ad,https://www.elections.org.za/content/img_parties/KFIPP.jpg
Khoisan Kingdom And All People,KKAAP,#9c5c39,https://www.elections.org.za/content/img_parties/KKAAP.jpg
Khoisan Party,,#ce8670,https://www.elections.org.za/content/img_parties/NO_ABBR583.jpg
Khoisan Revolution,KSR,#fffe3f,https://www.elections.org.za/content/img_parties/KSR.jpg
Khoisan United Movement,KUM,#86878c,https://www.elections.org.za/content/img_parties/KUMWC026.jpg
Khowa Residents Association,K.R.A,#c1646c,https://www.elections.org.za/content/img_parties/K.R.AEC138.jpg
Kingdom Covenant Democratic Party,KCDP,#c3472d,https://www.elections.org.za/content/img_parties/KCDP.jpg
Kingdom Governance Movement,,,
Know Your Neighbour,KYN,#04692d,https://www.elections.org.za/content/img_parties/KYN.jpg
Knysna Community Forum,,,
Knysna Independent Movement,KIM,#40a462,https://www.elections.org.za/content/img_parties/KIMWC048.jpg
Knysna Social Democratic Party,KSDP,#a8363e,https://www.elections.org.za/content/img_parties/KSDPWC048.jpg
Knysna Unity Congress,K.U.C,#edb549,https://www.elections.org.za/content/img_parties/K.U.CWC048.jpg
Konserwatiewe Party/Conservative Party,KP,,
Kouga 2000,,,
Kouga Civic Alliance,,,
Koukamma Independent Party,KIP,#f0be29,https://www.elections.org.za/content/img_parties/KIPEC109.jpg
Kwa-Zulu Natal Transport Alliance,,,
Labor Party,,,
Laingsburg Gemeenskaps Party,,,
Land Claims Fighters,L.C.F,#a3a09b,https://www.elections.org.za/content/img_parties/L.C.FWC022.jpg
Land Party,LAND,#cd4329,https://www.elections.org.za/content/img_parties/LAND.jpg
Langerberg Independent Party,LIP,#faae9f,https://www.elections.org.za/content/img_parties/LIPWC026.jpg
Leadership Forum,LF,#b75c3a,https://www.elections.org.za/content/img_parties/LF.jpg
Lebaleng Communist Party,LCP,#cc4e37,https://www.elections.org.za/content/img_parties/LCPNW404.jpg
Lebowakgomo Civic Organisation,LEBCO,#b9c694,https://www.elections.org.za/content/img_parties/LEBCOLIM355.jpg
Leihlo la Setjhaba Rainbow,LLSR,#53485f,https://www.elections.org.za/content/img_parties/LLSRFS192.jpg
Lekgotla For Democracy Advancement,LEKGOTLA,#5368ab,https://www.elections.org.za/content/img_parties/LEKGOTLA.jpg
Lekwa Community Forum,LCF,#fefa45,https://www.elections.org.za/content/img_parties/LCFMP305.jpg
Lentswe la Batho,LLB,#fde604,https://www.elections.org.za/content/img_parties/LLB.jpg
Lepelle-Nkumpi Development Party,LNDP,#0d6f49,https://www.elections.org.za/content/img_parties/LNDPLIM355.jpg
Lephalale Residents Party,L.R.P,#eae669,https://www.elections.org.za/content/img_parties/L.R.PLIM362.jpg
Liberal Democratic Party,,,
Liberal Party,,,
Liberal People's Party,,#ffffff,https://www.elections.org.za/content/img_parties/NO_ABBR472.jpg
Liberators Party,LIB,#a52a23,https://www.elections.org.za/content/img_parties/LIB.jpg
Light Of The Nation Christian Party,LNCP,#9c3121,https://www.elections.org.za/content/img_parties/LNCP.jpg
Limpopo Residents Association,LIRA,#b55e67,https://www.elections.org.za/content/img_parties/LIRALIM332.jpg
Limpopo Rural Social Activist,LIMRUSA,#1c832a,https://www.elections.org.za/content/img_parties/LIMRUSA.jpg
Local Government Party,,,
Local People's Party,LPP,,
Luso South African Party,LUSO,,
Magoshi Swaranang Movement,MSM,#a18a57,https://www.elections.org.za/content/img_parties/MSM.jpg
Makana Citizens Front,MAKANA,#90928d,https://www.elections.org.za/content/img_parties/NO_ABBR1649.jpg
Makana Independent New Deal,MIND,,
Malamulele Community Association,MCA-SA,#187138,https://www.elections.org.za/content/img_parties/NO_ABBR992.jpg
Maletswai Civic Association,,#6b5b1d,https://www.elections.org.za/content/img_parties/NO_ABBR926.jpg
Mandela Bay Community Movement,MBCM,,
Mangaung Community Forum,MCF,#439ecf,https://www.elections.org.za/content/img_parties/MCF.jpg
Map 16 Civic Movement,MAP16,#556479,https://www.elections.org.za/content/img_parties/MAP16FS194.jpg
Maruleng Community Forum,MACOF,#57857a,https://www.elections.org.za/content/img_parties/MACOFLIM335.jpg
Mass United Movement,MUM,#f79f02,https://www.elections.org.za/content/img_parties/MUM.jpg
Matured Democracy,MD,#576364,https://www.elections.org.za/content/img_parties/MD.jpg
Merafong Agents Of Change,MAOC,#268040,https://www.elections.org.za/content/img_parties/MAOCGT484.jpg
Merafong Civic Association,MECA,#d43942,https://www.elections.org.za/content/img_parties/MECAGT484.jpg
Merit Party,,,
Metsimaholo Community Association,MCA,#1c5dad,https://www.elections.org.za/content/img_parties/MCAFS204.jpg
Metsimaholo Progressive People Forum,MPPF,,
Middelburg Residents Organisation,,,
Middelburg And Hendrina Residents Front,MHRF,#d8f0da,https://www.elections.org.za/content/img_parties/MHRFMP313.jpg
Minorities Of South Africa,MOSA,#50a44f,https://www.elections.org.za/content/img_parties/MOSA.jpg
Minority Front,MF,#f6d30c,https://www.elections.org.za/content/img_parties/MF.jpg
Moderate Independent Party,MIP,#b6764a,https://www.elections.org.za/content/img_parties/MIP.jpg
Mogalakwena Residents Association,MRA,#ed5652,https://www.elections.org.za/content/img_parties/MRALIM367.jpg
Mookgophong Party,MOOKGOPO,#ffff61,https://www.elections.org.za/content/img_parties/MOOKGOPOLIM364.jpg
Mopani Independent Movement,MIM,,
Moqhaka Community Forum,,#68ad43,https://www.elections.org.za/content/img_parties/NO_ABBR1494.jpg
Moretele Independent Civic Organisation,MICO,#e6d65b,https://www.elections.org.za/content/img_parties/MICOMP316.jpg
Moretele People's Party,MPP,,
Mosselbaai Gemeenskapsforum,,,
Move,MOVE,#030035,https://www.elections.org.za/content/img_parties/MOVE.jpg
Movemeant Of God,MMG,#68549e,https://www.elections.org.za/content/img_parties/MMG.jpg
Movement Democratic Congress,MDC,#d14e5e,https://www.elections.org.za/content/img_parties/MDC.jpg
Movement Democratic Party,MDP,#375f3a,https://www.elections.org.za/content/img_parties/MDP.jpg
Movement For African Convention,MAC,#529f6d,https://www.elections.org.za/content/img_parties/MAC.jpg
Movement For Total Liberation,MTL,#eddc4f,https://www.elections.org.za/content/img_parties/MTL.jpg
Movement Of The People,M.P,#18191b,https://www.elections.org.za/content/img_parties/M.PWC052.jpg
Mpumalanga Party,MP,#c16050,https://www.elections.org.za/content/img_parties/MPLIM472.jpg
Mthatha Ratepayers And Residents Association,MRRA,#819bcf,https://www.elections.org.za/content/img_parties/MRRAEC157.jpg
Municipal Residents Association,M.R.M,#00a200,https://www.elections.org.za/content/img_parties/M.R.M.jpg
Musina Mutale Unified Front,MMUF,#e0963f,https://www.elections.org.za/content/img_parties/MMUFDC34.jpg
Muslim Democratic Party (SA),M.D.P.,#0d5624,https://www.elections.org.za/content/img_parties/M.D.P.EKU.jpg
Mzantsi People's Front,MPF,#1976bc,https://www.elections.org.za/content/img_parties/MPF.jpg
Nala Community Forum,N.C.F,#d36939,https://www.elections.org.za/content/img_parties/N.C.FFS185.jpg
Namakwa Civic Movement,NCM,#b6956b,https://www.elections.org.za/content/img_parties/NCMNC062.jpg
Nasionaal Demokratiese Party / National Democratic Party,NDP,#2a7ecd,https://www.elections.org.za/content/img_parties/NDP.jpg
National Alliance / Nasionale Aksie,,,
National Alliance For Democracy,NAD,#545258,https://www.elections.org.za/content/img_parties/NAD.jpg
National Coalition Party/Nasionale Koalisie Party,,,
National Coloured Congress,CCC,,
National Communist Congress,NCC,#842929,https://www.elections.org.za/content/img_parties/NCC.jpg
National Convention Of Azania,N.C.A,#cc5f2e,https://www.elections.org.za/content/img_parties/N.C.A.jpg
National Convention Of The People,NCP,#d5ad94,https://www.elections.org.za/content/img_parties/NCP.jpg
National Democratic Convention,NADECO,#154c22,https://www.elections.org.za/content/img_parties/NADECO.jpg
National Democrats,ND,#1721f3,https://www.elections.org.za/content/img_parties/ND.jpg
National Economic Fighters,NEF,#1178b5,https://www.elections.org.za/content/img_parties/NEFNC061.jpg
National Freedom Party,NFP,#f58f65,https://www.elections.org.za/content/img_parties/NFP.jpg
National Independant Civic Organisation,NICO,#da7569,https://www.elections.org.za/content/img_parties/NICO.jpg
National Independent Congress,NICSA,#6bbd47,https://www.elections.org.za/content/img_parties/NICSA.jpg
National Independent Party,NIP,#db9f01,https://www.elections.org.za/content/img_parties/NIP.jpg
National Party,NP,,
National Party South Africa,N.P,#5266a3,https://www.elections.org.za/content/img_parties/n.p.jpg
National People's Ambassadors,NPA,#1e6e55,https://www.elections.org.za/content/img_parties/NPA.jpg
National People's Front,NAPF,#32522d,https://www.elections.org.za/content/img_parties/NAPF.jpg
National People's Party,NPP,#1b2689,https://www.elections.org.za/content/img_parties/NPP.jpg
National Progressive Movement,NPM,#c00000,https://www.elections.org.za/content/img_parties/NPM.jpg
National Religious Freedom Party,NRFP,#d04653,https://www.elections.org.za/content/img_parties/NRFP.jpg
National Republican Party,,,
National United People's Organisation,,,
Nationalist Coloured Party Of South Africa,NCPSA,#b3346e,https://www.elections.org.za/content/img_parties/NCPSA.jpg
Nehemiah Rebuilding Cities,NRC,#7f443e,https://www.elections.org.za/content/img_parties/NRCLIM366.jpg
New African Congress For Solar Libearation,NAC,#fefda0,https://www.elections.org.za/content/img_parties/NAC.jpg
New Daw Democratic Party,NDDP,#efc646,https://www.elections.org.za/content/img_parties/NDDP.jpg
New Generation Party,NGP,#bd953d,https://www.elections.org.za/content/img_parties/NGP.jpg
New Horizon Movement,NHM,#f49d01,https://www.elections.org.za/content/img_parties/NHMGT421.jpg
New Labour Party,NL,#607dbf,https://www.elections.org.za/content/img_parties/NO_ABBR253.jpg
New National Party / Nuwe Nasionale Party,NNP,#081061,https://www.elections.org.za/content/img_parties/NNP.jpg
New South Africa Party,NEWSA,#caa087,https://www.elections.org.za/content/img_parties/NEWSA.jpg
New Vision Party,NVP,#c55841,https://www.elections.org.za/content/img_parties/NVP.jpg
Ngwathe Residents Association,NRA,#053c75,https://www.elections.org.za/content/img_parties/NRAFS203.jpg
Noordwes Forum,,,
Northern Alliance,NA,,
Northern Cape Communities Movement,NCCM,#7a1b06,https://www.elections.org.za/content/img_parties/NCCM.jpg
Nxuba Community Organisation,,,
Onafhanklike Munisipale Kiesersforum,,,
One Movement For Cape Town,OMCPT,#e9c359,https://www.elections.org.za/content/img_parties/OMCPTCPT.jpg
Operation Khanyisa Movement,OKM,#ec907b,https://www.elections.org.za/content/img_parties/OKMJHB.jpg
Organisation For Democracy And Freedom,ODF,#f0ca37,https://www.elections.org.za/content/img_parties/ODF.jpg
Ou Pacaltsdorp Inwoners Vereniging,,,
Oudtshoorn Aksie 2000,,,
Oudtshoorn Civic Association,,,
Oudtshoorn Gemeenskap Inisiatief,OGI,#7a437c,https://www.elections.org.za/content/img_parties/OGIWC045.jpg
Our City Matters,OCM,#cc717e,https://www.elections.org.za/content/img_parties/OCMNW373.jpg
Our Nation,ON,#d76b2d,https://www.elections.org.za/content/img_parties/ON.jpg
Owethu Residents Organisation,,,
Palmridge Community Forum,PALCOF,#0f7e49,https://www.elections.org.za/content/img_parties/PALCOFEKU.jpg
Pan Africanist Congress Of Azania,PAC,#fbc422,https://www.elections.org.za/content/img_parties/PAC.jpg
Pan Africanist Movement,PAM,#629459,https://www.elections.org.za/content/img_parties/PAM.jpg
Pan Africanist Socialist Movement Of Azania,PASMA,#4e5043,https://www.elections.org.za/content/img_parties/PASMA.jpg
Party Of Action,POA,#ffffff,https://www.elections.org.za/content/img_parties/POA.jpg
Patriotic Alliance,PA,#62a076,https://www.elections.org.za/content/img_parties/PA.jpg
Patriotic Association Of South Africa,PASA,#1a693a,https://www.elections.org.za/content/img_parties/PASA.jpg
Patriotic Front Of Azania,PSA,,
Patriotic Movement Of South Africa,PAMSA,#f4bf64,https://www.elections.org.za/content/img_parties/PAMSA.jpg
Peace,PEACE,#0f559b,https://www.elections.org.za/content/img_parties/NO_ABBR963.jpg
Peace And Development Party,PDP,#fef323,https://www.elections.org.za/content/img_parties/PDP.jpg
Peace And Justice Congress,PJC,#dd7e7c,https://www.elections.org.za/content/img_parties/PJC.jpg
Pension Poverty Relief And Unemployment Front,,,
People's African Party,P.A.P.,#d67870,https://www.elections.org.za/content/img_parties/P.A.P..jpg
People's Alliance,,,
People's Civic Organisation,P.C.O,#89b4e9,https://www.elections.org.za/content/img_parties/P.C.O.jpg
People's Democratic Movement,PDM,#d3792b,https://www.elections.org.za/content/img_parties/PDM.jpg
People's Democratic Party,,,
People's Forum,,,
People's Freedom Party,PFP,#05753d,https://www.elections.org.za/content/img_parties/PFP.jpg
People's Liberation Party,,,
People's Movement,PEMO,#5c264a,https://www.elections.org.za/content/img_parties/PEMOFS204.jpg
People's Progressive Party,,,
People's Republic Of South Africa,PROSA,#115b36,https://www.elections.org.za/content/img_parties/PROSA.jpg
People's Revolutionary Movement,PRM,#2f9961,https://www.elections.org.za/content/img_parties/PRM.jpg
People's Umbrella Movement,PUM,#07a151,https://www.elections.org.za/content/img_parties/PUMWC034.jpg
Phalaborwa Front,PF,#5d6265,https://www.elections.org.za/content/img_parties/PFLIM334.jpg
Phokwane Service Delivery Forum,PSDF,#d18981,https://www.elections.org.za/content/img_parties/PSDFNC094.jpg
Phumelela Ratepayers' Association,,#FFFFFF,https://www.elections.org.za/content/img_parties/NO_ABBR241.jpg
Plaaslike Besorgde Inwoners,PBI,#336967,https://www.elections.org.za/content/img_parties/PBIWC044.jpg
Plett Democratic Congress,PDC,,https://www.elections.org.za/content/img_parties/PDCW047.jpg
Plettenberg Bay Community Forum,,,
Poelano Revelation Party,PRP,#bfddf9,https://www.elections.org.za/content/img_parties/PRP.jpg
Pongola People's Party,PPP,#3d4c4b,https://www.elections.org.za/content/img_parties/PPP.jpg
Postmasburg-Olifantshoek Residents Association,,,
Potchefstroom Inwonersvereniging,,,
Power Of Africans Unity,PAU,#fffc62,https://www.elections.org.za/content/img_parties/PAU.jpg
Prem People's Agenda,PREM,#f17a72,https://www.elections.org.za/content/img_parties/PREM.jpg
Pro Ratepayers Party Pro Belastingbetalers Party,,,
Pro-Death Penalty Party,PRO,#3c3c3c,https://www.elections.org.za/content/img_parties/NO_ABBR268.jpg
Progress,PROGRESS,#019f01,https://www.elections.org.za/content/img_parties/PROGRESS.jpg
Progressive Change,PC,#1a7112,https://www.elections.org.za/content/img_parties/PC.jpg
Progressive Community Movement,PCM,#1683c4,https://www.elections.org.za/content/img_parties/PCMDC12.jpg
Progressive Front Of South Africa,PFSA,#26a652,https://www.elections.org.za/content/img_parties/PFSAEC139.jpg
Progressive Independent Movement,,,
Progressive Party For Africa,PPA,#e8ac60,https://www.elections.org.za/content/img_parties/PPA.jpg
Prophetic Movement Army,PMA,,
Radical Solidarity Congress,RSC,#309067,https://www.elections.org.za/content/img_parties/RSC.jpg
Rainbow Colours Matters,R.C.M.,#904882,https://www.elections.org.za/content/img_parties/R.C.M..jpg
Rainbow People's Movement,RPM,#2c67b3,https://www.elections.org.za/content/img_parties/RPMNMA.jpg
Randfontein People's Party,R.P.P,#e34f4d,https://www.elections.org.za/content/img_parties/R.P.PGT482.jpg
Ratepayers And Residents Party Simunye,,,
Rebuild South Africa,REBUILD,#f0c961,https://www.elections.org.za/content/img_parties/REBUILD.jpg
Regte Party/Right Party,RP,,
Reikemetse Dikgabo Party,RDPP,#2f9611,https://www.elections.org.za/content/img_parties/RDPP.jpg
Republican Conference Of Tshwane,RC,#faf1ec,https://www.elections.org.za/content/img_parties/RCTSH.jpg
Republican Party Of South Africa,RPSA,#9d6b7a,https://www.elections.org.za/content/img_parties/RPSA.jpg
Residence Association Of South Africa,REAOSA,#2388c0,https://www.elections.org.za/content/img_parties/REAOSA.jpg
Revolutionary Democratic Patriots,RDP,#c1d0ec,https://www.elections.org.za/content/img_parties/RDP.jpg
Rise Up Africa / Tsoga Africa,RUA,#a7c3ce,https://www.elections.org.za/content/img_parties/RUA.jpg
Rising Of Sons Christian party,ROS,#f2d93f,https://www.elections.org.za/content/img_parties/ROS.jpg
Royal Loyal Progress,RLP,#ffffff,https://www.elections.org.za/content/img_parties/RLP.jpg
Rustenburg People's Party,RPP,#e13334,https://www.elections.org.za/content/img_parties/RPPDC37.jpg
Saamstaan Suid-Afrika,ISASSA,#d5d494,https://www.elections.org.za/content/img_parties/ISASSA.jpg
Sakhile-Together,,,
Sakhisizwe Convention,S.C.,#ae843a,https://www.elections.org.za/content/img_parties/S.C..jpg
Sakhisizwe Progressive Movement,SAPROMO,,
Saldanha Bay Residents Alliance,SRA-SIA,#45a3e9,https://www.elections.org.za/content/img_parties/SRA-SIAWC014.jpg
Save Ditsobotla Movement,,#0b7dbc,https://www.elections.org.za/content/img_parties/NO_ABBR1710.jpg
Save Madibeng,SM,#67a750,https://www.elections.org.za/content/img_parties/SMNW372.jpg
Save Tsantsabane Coalition,STC,#c74932,https://www.elections.org.za/content/img_parties/STCNC085.jpg
Sayco Gondwe Civic Movement,SGCM,#2ca667,https://www.elections.org.za/content/img_parties/SGCMMP311.jpg
Scara Civic Party,,,
Sekhukhune Congress,SC,#70c595,https://www.elections.org.za/content/img_parties/SC.jpg
Service Delivery Movement,SDM,#f1df65,https://www.elections.org.za/content/img_parties/SDMEC101.jpg
Service Delivery Organisation,SDO,#048041,https://www.elections.org.za/content/img_parties/SDOEC101.jpg
Service For All,SFA,#b1b141,https://www.elections.org.za/content/img_parties/SFALIM343.jpg
Service To Our People's Party,STOPP,#bb242b,https://www.elections.org.za/content/img_parties/STOPPWC012.jpg
Setsoto Service Delivery Forum,SSDF,,
Shosholoza Progressive Party,SHOSH,#fdfdfd,https://www.elections.org.za/content/img_parties/SHOSH.jpg
Sibanye Civic Association,,,
Simunye In Christ Organisation,,,
Sindawonye Progressive Party,SPP,#fff217,https://www.elections.org.za/content/img_parties/SPP.jpg
Singukukhanya Kwezwe Christian Party,SKCP,#378ed1,https://www.elections.org.za/content/img_parties/SKCPMP307.jpg
Siyabuswa Residents Organisation,SIYARO,#c24646,https://www.elections.org.za/content/img_parties/SIYAROMP316.jpg
Siyathemba Community Movement,SGB,#2eb24c,https://www.elections.org.za/content/img_parties/SGBDC7.jpg
Sizwe Ummah Nation,SUN,#0055a0,https://www.elections.org.za/content/img_parties/SUN.jpg
Small-Farm Resident Association,,,
Social Democratic Party,SDP,#bc4129,https://www.elections.org.za/content/img_parties/SDP.jpg
Social Justice Party Of Africa,SOJUPAA,#0e5ba9,https://www.elections.org.za/content/img_parties/SOJUPAA.jpg
Socialist Agenda Of Dispossessed Africans,SADA,#4d9c41,https://www.elections.org.za/content/img_parties/SADALIM476.jpg
Socialist Civic Movement,SCM,#ce693f,https://www.elections.org.za/content/img_parties/SCMMP306.jpg
Socialist Economic Freedom Movement,SEFM,#c54542,https://www.elections.org.za/content/img_parties/SEFMGT423.jpg
Socialist Green Coalition,SGC,#000000,https://www.elections.org.za/content/img_parties/SGC.jpg
Socialist Party Of South Africa,SPSA,#db6b69,https://www.elections.org.za/content/img_parties/SPSA.jpg
Socialist Radical Change,SRC,#cb4633,https://www.elections.org.za/content/img_parties/SRC.jpg
Socialist Revolutionary Workers Party,SRWP,#fffe51,https://www.elections.org.za/content/img_parties/SRWP.jpg
Sol-Plaatjie Service Delivery Forum,SPSFD,,
Solidarity Party,,,
Soshanguve Civic Association,,,
South Africa Civics,,,
South Africa My Home Residents Association,SAHRA,#fdf572,https://www.elections.org.za/content/img_parties/SAHRA.jpg
South Africa People's Party,S.AH.P.P,#009bef,https://www.elections.org.za/content/img_parties/S.AH.P.P.jpg
South Africa Vuka Movement,SAVUMO,#ecb756,https://www.elections.org.za/content/img_parties/SAVUMOKZN282.jpg
South Africa Of Africa as One,SAFAAO,,
South African Christian Movement,SACM,,https://www.elections.org.za/content/img_parties/SACAMLIM366.jpg
South African Communist Party,SACP,#e63a38,https://www.elections.org.za/content/img_parties/SACP.jpg
South African Community Safety Association,SACSA,#7497c1,https://www.elections.org.za/content/img_parties/SACSAMAN.jpg
South African Concerned Residents Organisation 4 Service Delivery,SACRO4SD,#a35853,https://www.elections.org.za/content/img_parties/SACRO4SD.jpg
South African Democratic Congress,,,
South African Determined Volunteers,SaDev,#1a6b6e,https://www.elections.org.za/content/img_parties/SaDevKZ252.jpg
South African Economic Congress,SAEC,#98cbde,https://www.elections.org.za/content/img_parties/SAEC.jpg
South African First,SAF,#79c1f4,https://www.elections.org.za/content/img_parties/SAF.jpg
South African Maintenance And Estate Beneficiaries Association,SAMEBA,#faf908,https://www.elections.org.za/content/img_parties/SAMEBA.jpg
South African National Congress Of Traditional Authorities,,,
South African People For Equality,SHAPE,#515554,https://www.elections.org.za/content/img_parties/SHAPE.jpg
South African People's Democratic Party,SAPDP,#c23f44,https://www.elections.org.za/content/img_parties/SAPDP.jpg
South African People's Movement,SAPM,#893456,https://www.elections.org.za/content/img_parties/SAPM.jpg
South African Political Alliance,SAPFA,#f9ed04,https://www.elections.org.za/content/img_parties/SAFPA.jpg
South African Political Association,SAPA,#4571b8,https://www.elections.org.za/content/img_parties/SAPA.jpg
South African Political Party,SAPP,#edb0bf,https://www.elections.org.za/content/img_parties/SAPP.jpg
South African Progressive Civic Organisation,SAPCO,#fd902c,https://www.elections.org.za/content/img_parties/SAPCO.jpg
South African Religious Civic Organisation,SARCO,#e6b77f,https://www.elections.org.za/content/img_parties/SARCOWC045.jpg
South African Royal Kingdoms Organisation,SARKO,#91893e,https://www.elections.org.za/content/img_parties/SARKO.jpg
South African Security Organisation,SASO,#495654,https://www.elections.org.za/content/img_parties/SASO.jpg
South African Taxi And Transport Alliance,TAXI,#dd813c,https://www.elections.org.za/content/img_parties/TAXI.jpg
South African United National Democratic Front,SAUNDF,#f8f600,https://www.elections.org.za/content/img_parties/SAUNDF.jpg
South African United Party,SAUP,#47ca26,https://www.elections.org.za/content/img_parties/SAUP.jpg
South African Woman's Party,SAWP,,
South Cape Community Forum,,,
Spectrum National Party,SNP,#d65e44,https://www.elections.org.za/content/img_parties/SNP.jpg
Sport Organisation For Collective Contributions And Equal Rights,SOCCER,,
Stellenbosch Civic Association,,,
Stellenbosch People's Alliance,,,
Sterkspruit Civic Association,CIVIC,#fffb36,https://www.elections.org.za/content/img_parties/CIVIC.jpg
Sterkspruit Development Forum,SDF,,
Strength Of Humanity,SOH,#f6fa94,https://www.elections.org.za/content/img_parties/SOHKZN213.jpg
Studente Stem Party,,,
Suid - Kaap Saamstaan,,#ebae6f,https://www.elections.org.za/content/img_parties/NO_ABBR1597.jpg
Sunrise Park Protea City And Greenside Residents Association,,,
Tax And Rates Payers Association,TRPA,#0536be,https://www.elections.org.za/content/img_parties/TRPAFS204.jpg
Team Sugar South Africa,TSSA,#ebc644,https://www.elections.org.za/content/img_parties/TSSA.jpg
Thabanorth Inwonersvereniging,,,
Thabazimbi Forum For Service Delivery,TFSD,#804840,https://www.elections.org.za/content/img_parties/TFSDLIM361.jpg
Thabazimbi Residents Association,TRA,#cd5233,https://www.elections.org.za/content/img_parties/TRALIM361.jpg
The Cape People's Congress,,,
The Employment Movement Of South Africa,EMSA,#369259,https://www.elections.org.za/content/img_parties/EMSA.jpg
The Government By The People Green Party,,,
The Green Party Of South Africa,GPGP,#4c4e53,https://www.elections.org.za/content/img_parties/GPGP.jpg
The Greens,,#3a922a,https://www.elections.org.za/content/img_parties/NO_ABBR1126.jpg
The House Of Independents,THI,#5f3081,https://www.elections.org.za/content/img_parties/THI.jpg
The Independents,,#6c02d4,https://www.elections.org.za/content/img_parties/NO_ABBR1636.jpg
The Nationals Of South Africa,NSA,#228b64,https://www.elections.org.za/content/img_parties/NSA.jpg
The Organic Humanity Movement,OHM,#5c5156,https://www.elections.org.za/content/img_parties/OHM.jpg
The Organisation Party,,,
The People's Agenda,TPA,#c54633,https://www.elections.org.za/content/img_parties/TPA.jpg
The People's Independent Civic Organisation,TPICO,#ede063,https://www.elections.org.za/content/img_parties/TPICO.jpg
The People's Movement,TPM,#000000,https://www.elections.org.za/content/img_parties/TPMCPT.jpg
The People's Voice,TPV,#e59769,https://www.elections.org.za/content/img_parties/VTSH.jpg
The Promise Of Freedom,T.P.F.,#f0d13b,https://www.elections.org.za/content/img_parties/T.P.F..jpg
The Real Congress,,,
The Socialist Party Of Azania,SOPA,#f8e000,https://www.elections.org.za/content/img_parties/SOPA.jpg
Thembelihle Masibambane Civic Organisation,,,
Thembisa Concerned Residents Association,TECRA,#f7f5e6,https://www.elections.org.za/content/img_parties/TECRA.jpg
Tikwana Youth Power,TYP,#bc545b,https://www.elections.org.za/content/img_parties/TYMGT422.jpg
Transformative Youth Movement,TYM,,
Transforming Drakenstein Community Forum,TDC FORUM,,https://www.elections.org.za/content/img_parties/TDC%20FORUMWC023.jpg
True Freedom Party,TFP,#388eaf,https://www.elections.org.za/content/img_parties/TFP.jpg
Truly Alliance,TA,#cc3e32,https://www.elections.org.za/content/img_parties/TA.jpg
Tsantsabane Community Forum,,,
Tshwaranang Civic Organisation,,,
Tsogang Civic Movement,TSOGANG,#fc0104,https://www.elections.org.za/content/img_parties/TSOGANGNW371.jpg
Tubatse Fetakgomo Radical Actions,TUFERA,#1d3251,https://www.elections.org.za/content/img_parties/TUFERALIM476.jpg
Tzaneen Freedom Party,,,
Ubumbano Lwesizwe Independent Residence Association,,,
Ubumbano Lwesizwe Sabangoni,,,
Ubuntu Party,UBUNTU,#2a3d54,https://www.elections.org.za/content/img_parties/UBUNTUMP314.jpg
Umhlaba Uhlangene People's United Nations,,,
Umnotho Democratic Front,UDF,#3b3c2c,https://www.elections.org.za/content/img_parties/UDF.jpg
Umsobomvu Residents Association,URA,#1d2840,https://www.elections.org.za/content/img_parties/URANC072.jpg
Unemployed People's Association,U.M.P.A.,,
Unemployment Labour Alliance,ULA,#f18e73,https://www.elections.org.za/content/img_parties/ULA.jpg
Unemployment Movement SA,UMSA,#ae645a,https://www.elections.org.za/content/img_parties/UMSA.jpg
United Action Front,,,
United Africans Transformation,UAT,#363362,https://www.elections.org.za/content/img_parties/UAT.jpg
United Christian Democratic Party,UCDP,#32916a,https://www.elections.org.za/content/img_parties/UCDP.jpg
United Community Front,UCF,#503b80,https://www.elections.org.za/content/img_parties/UCFWC052.jpg
United Community Independent Party,,,
United Congress,UNICO,#429169,https://www.elections.org.za/content/img_parties/UNICO.jpg
United Constructive Party,U.C.P,#aadda2,https://www.elections.org.za/content/img_parties/U.C.PMP313.jpg
United Cultural Movement,UCM,#dea574,https://www.elections.org.za/content/img_parties/UCM.jpg
United Democratic Movement,UDM,#fed700,https://www.elections.org.za/content/img_parties/UDM.jpg
United Democrats,UD,#000103,https://www.elections.org.za/content/img_parties/UD.jpg
United Franschhoek Valley,UFV,#544485,https://www.elections.org.za/content/img_parties/UFVWC024.jpg
United Front,,,
United Front Of Civics,UFC,#fbfeaa,https://www.elections.org.za/content/img_parties/UFC.jpg
United Front Of The Eastern Cape,UFEC,#5e984a,https://www.elections.org.za/content/img_parties/UFEC.jpg
United Independent Front,UIF,#ece46a,https://www.elections.org.za/content/img_parties/UIF.jpg
United Independent Movement,UIM,#373d4b,https://www.elections.org.za/content/img_parties/UIM.jpg
United Majority Front,,,
United Party,UP,#326038,https://www.elections.org.za/content/img_parties/UPEC155.jpg
United Party Of South Africa,,,
United People Of South Africa,UPSA,#c53538,https://www.elections.org.za/content/img_parties/UPSA.jpg
United People's Front,UPF,#e6903d,https://www.elections.org.za/content/img_parties/UPF.jpg
United People's Party,UPP,#af9d44,https://www.elections.org.za/content/img_parties/UPP.jpg
United Progressive Party South Africa,UPROPSA,#2c318e,https://www.elections.org.za/content/img_parties/UPROPSA.jpg
United Residents Front,URF,#bb3a3f,https://www.elections.org.za/content/img_parties/URF.jpg
United South Africa,USA,#05953e,https://www.elections.org.za/content/img_parties/USA.jpg
Uniting People First,UPF,#e6903d,https://www.elections.org.za/content/img_parties/UPF.jpg
Universal Civics Of South Africa,UCOSA,#d96047,https://www.elections.org.za/content/img_parties/NOABBR580.jpg
Universal Party,,,
Us The People,US,#0a0d0b,https://www.elections.org.za/content/img_parties/US.jpg
Vaal Alternative Alliance Lekgotla,VAAL,#106158,https://www.elections.org.za/content/img_parties/VAALDC42.jpg
Vaal River City Democratic Movement,VDM,#3f5ed8,https://www.elections.org.za/content/img_parties/VDMDC42.jpg
Value Education Nationalism Democracy In Africa,VENDA,#05538f,https://www.elections.org.za/content/img_parties/VENDA.jpg
Verenigde Gemeenskap Organisasie,,,
Vision/Visie 2000+,,#001a7e,https://www.elections.org.za/content/img_parties/NO_ABBR185.jpg
Voice Of Independents Party,,,
Voice Of The Word,VOW,#12306e,https://www.elections.org.za/content/img_parties/VOWMP326.jpg
Voter's Independent Party SA,VISA,#ecce80,https://www.elections.org.za/content/img_parties/VISA.jpg
Vryheidsfront/Freedom Front,VV-FF,,
Vryheidsfront Plus,VF PLUS,#127f3e,https://www.elections.org.za/content/img_parties/VF%20Plus.jpg
Vukani Utrecht Ratepayers Association,,,
Wes-Kaap Federaliste Party,WKFP,,
Western Cape Community,WCC,#49275e,https://www.elections.org.za/content/img_parties/WCCWCDMA02.jpg
Western Province Party,WPP,#0059b1,https://www.elections.org.za/content/img_parties/WPP.jpg
Witzenberg Aksie,WA,#c7c6c2,https://www.elections.org.za/content/img_parties/WAWC022.jpg
Witzenberg Onafhanklike Demokratiese Party,WID,#edd559,https://www.elections.org.za/content/img_parties/WIDWC022.jpg
Witzenberg Onafhanklike Vereniging,,,
Witzenberg Party,WP,#b0492f,https://www.elections.org.za/content/img_parties/WPWC022.jpg
Women Forward,WF,#edd95a,https://www.elections.org.za/content/img_parties/WF.jpg
Women's Rights Peace Party,WRPP,,
Workers International To Rebuild The Fourth International (SA),WI,,
Workers And Socialist Party,WASP,#ea4c5b,https://www.elections.org.za/content/img_parties/WASP.jpg
Workers International Vanguard League,WIVL,#fd3514,https://www.elections.org.za/content/img_parties/WIVL.jpg
Workers International Vanguard Party,WIVP,#fd3514,https://www.elections.org.za/content/img_parties/WIVP.jpg
Workers Party,,,
Workers List Party,WLP,,
Working Together Political Party,W.T.P.P.,#4a7daa,https://www.elections.org.za/content/img_parties/W.T.P.P.NW385.jpg
Xiluva,XILUVA,#ff4f13,https://www.elections.org.za/content/img_parties/XILUVA.jpg
Ximoko Party,XP,#b5886d,https://www.elections.org.za/content/img_parties/XP.jpg
Ximoko Progressive Party,XPP,,
Young People's Party,YPP,#fd5457,https://www.elections.org.za/content/img_parties/YPP.jpg
Youth Independence Party And Youth Associates,YIPYA,#fafb46,https://www.elections.org.za/content/img_parties/YIPYAWC026.jpg
Youth Of Our Nation,Y.O.O.N,#3c6e31,https://www.elections.org.za/content/img_parties/Y.O.O.N.jpg
Youth Of The World,YOW,#2b2b2b,https://www.elections.org.za/content/img_parties/YOWTSH.jpg
Zenzeleni Progressive Movement,ZPM,#d5a562,https://www.elections.org.za/content/img_parties/ZPM.jpg
Zibambeleni Development Organisation,,,
Zulu Royal Property,ZRP,#c69176,https://www.elections.org.za/content/img_parties/ZRP.jpg
