id,name,population,squareKms,urlWebsite
EC,Eastern Cape,6676691,168966,https://www.ecprov.gov.za
FS,Free State,2932441,129825,https://www.freestateonline.fs.gov.za
GT,Gauteng,16098571,18176,https://www.gauteng.gov.za
KZN,KwaZulu-Natal,11538325,94361,https://www.kznonline.gov.za
LIM,Limpopo,5926724,125754,https://www.limpopo.gov.za
MP,Mpumalanga,4743584,76495,https://www.mpumalanga.gov.za
NC,Northern Cape,1292786,372889,https://www.northern-cape.gov.za
NW,North West,4122854,104882,https://www.NWPG.gov.za
WC,Western Cape,7212142,129462,https://www.westerncape.gov.za
